catalogue_code,model,range,missing,name,admin
CB-ST-01,คุณลักษณะเฉพาะ,Steel Cupboards,dimensions colours,คุณลักษณะเฉพาะ,/admin/p/nat-khun-laktnachepha
CB-ST-02,รายละเอียด,Steel Cupboards,colours,รายละเอียด,/admin/p/nat-railaiat
CB-ST-03,ตู้เอกสารเหล็กบานเลื่อนกระจก,Steel Cupboards,dimensions colours,ตู้เอกสารเหล็กบานเลื่อนกระจก,/admin/p/nat-tu-eksan-elk-ban-luean-kratk
CB-ST-04,ตู้ครัวอลูมิเนียมพร้อมอ่างล้างจาน,Steel Cupboards,colours,ตู้ครัวอลูมิเนียมพร้อมอ่างล้างจาน,/admin/p/nat-tu-khrua-luminiam-phrom-ang-langchan
CB-ST-05,ตู้เก็บเอกสาร บานทึบ-บานเปิดคู่,Steel Cupboards,colours,ตู้เก็บเอกสาร บานทึบ-บานเปิดคู่,/admin/p/nat-tukepeksan-ban-thuep-ban-poet-khu
CB-ST-06,ตู้ล็อคเกอร์ 12 ช่อง,Steel Cupboards,dimensions colours,ตู้ล็อคเกอร์ 12 ช่อง,/admin/p/nat-tu-lkkoe-12-chong
CB-ST-07,ตู้เหล็กเก็บเอกสาร ขนาด 32 ช่อง มีล้อเลื่อน,Steel Cupboards,colours,ตู้เหล็กเก็บเอกสาร ขนาด 32 ช่อง มีล้อเลื่อน,/admin/p/nat-tu-elk-kep-eksan-khanat-32-chong-mi-loluean
CB-ST-09,5CM800,Steel Cupboards,colours features,ตู้เอกสาร & ตู้ลิ้นชัก,/admin/p/thaitaiyo-5cm800
CB-ST-10,5CM810,Steel Cupboards,colours features,ตู้เอกสาร & ตู้ลิ้นชัก,/admin/p/thaitaiyo-5cm810
CB-ST-11,5PD662,Steel Cupboards,colours features,ตู้เอกสาร & ตู้ลิ้นชัก,/admin/p/thaitaiyo-5pd662
CB-ST-12,ตู้ล็อกเกอร์เหล็ก 6 ช่อง,Steel Cupboards,colours,ตู้ล็อกเกอร์เหล็ก 6 ช่อง,/admin/p/nat-tu-lkkoe-elk-6-chong
CB-ST-13,ตู้ล็อกเกอร์เหล็ก 9 ช่อง,Steel Cupboards,colours,ตู้ล็อกเกอร์เหล็ก 9 ช่อง,/admin/p/nat-tu-lkkoe-elk-9-chong
CB-ST-14,B2,Steel Cupboards,colours,ตู้เอกสารบานเลื่อนกระจก,/admin/p/nat-b2
CB-ST-15,B3,Steel Cupboards,dimensions colours,ตู้ล็อคเกอร์บานเปิด 3 ช่อง,/admin/p/nat-b3
CB-ST-16,B3,Steel Cupboards,colours,ตู้ล็อคเกอร์ ชนิด 3 ช่องเปิด,/admin/p/nat-b3-2
CB-ST-17,B-4,Steel Cupboards,dimensions colours,Document cabinet open,/admin/p/nat-b-4
CB-ST-18,BOWEN,Steel Cupboards,colours features,Shelves & Library Stacks,/admin/p/practika-bowen
CB-ST-20,CB-1,Steel Cupboards,dimensions colours features,ตู้บานเปิด 2 บาน,/admin/p/nat-cb-1
CB-ST-21,CB1,Steel Cupboards,colours,ตู้เก็บเอกสาร ชนิด 4 ลิ้นชัก,/admin/p/nat-cb1
CB-ST-22,CB2,Steel Cupboards,colours,ตู้เหล็ก 4 ลิ้นชัก,/admin/p/nat-cb2
CB-ST-23,CB2,Steel Cupboards,colours,ตู้เก็บเอกสาร แบบบานเปิด,/admin/p/nat-cb2-2
CB-ST-24,CB2,Steel Cupboards,dimensions colours,ตู้เก็บเอกสารแบบ 2 บานเปิด,/admin/p/nat-cb2-3
CB-ST-25,CB2,Steel Cupboards,colours,ตู้เก็บเอกสารของเจ้าหน้าที่,/admin/p/nat-cb2-4
CB-ST-26,CB3,Steel Cupboards,colours,ตู้เก็บเอกสารประตูบานเลื่อน,/admin/p/nat-cb3
CB-ST-27,CB4,Steel Cupboards,colours,ตู้เก็บเสื้อผ้า (ล็อคเกอร์),/admin/p/nat-cb4
CB-ST-28,CB78BWK-00,Steel Cupboards,colours features,"ตูบานเปิดทึบ 78"" K/D",/admin/p/thaitaiyo-cb78bwk-00
CB-ST-29,CB78BWK-99,Steel Cupboards,colours features,ตู้เอกสาร & ตู้ลิ้นชัก,/admin/p/thaitaiyo-cb78bwk-99
CB-ST-30,CBF-13,Steel Cupboards,colours features,ตู้เอกสาร & ตู้ลิ้นชัก,/admin/p/thaitaiyo-cbf-13
CB-ST-31,CBF-14,Steel Cupboards,colours features,ตู้เอกสาร & ตู้ลิ้นชัก,/admin/p/thaitaiyo-cbf-14
CB-ST-32,CBF-23,Steel Cupboards,colours features,ชุดตู้เก็บอปกรณ์ับเพิงบานเปิดกระจกขนาด 3 ฟุตพ้อมฐาน,/admin/p/thaitaiyo-cbf-23
CB-ST-33,CBF-24,Steel Cupboards,colours features,ชุดตู้เก็บอปกรณ์ับเพิงบานิกระจกขนฟุ,/admin/p/thaitaiyo-cbf-24
CB-ST-34,CPT-10T,Steel Cupboards,colours features,ตู้เอกสาร & ตู้ลิ้นชัก,/admin/p/thaitaiyo-cpt-10t
CB-ST-35,CPT2-3,Steel Cupboards,colours,ตู้ CPT 2-3,/admin/p/nat-cpt2-3
CB-ST-36,CPT-405,Steel Cupboards,colours features,ตู้เอกสาร & ตู้ลิ้นชัก,/admin/p/thaitaiyo-cpt-405
CB-ST-37,CPT-6T,Steel Cupboards,colours features,ตู้เอกสาร & ตู้ลิ้นชัก,/admin/p/thaitaiyo-cpt-6t
CB-ST-38,CPT-8T,Steel Cupboards,colours features,ตู้เอกสาร & ตู้ลิ้นชัก,/admin/p/thaitaiyo-cpt-8t
CB-ST-39,CPT-A01,Steel Cupboards,colours features,ตู้เอกสาร & ตู้ลิ้นชัก,/admin/p/thaitaiyo-cpt-a01
CB-ST-40,CPT-A03,Steel Cupboards,colours features,ตู้เอกสาร & ตู้ลิ้นชัก,/admin/p/thaitaiyo-cpt-a03
CB-ST-41,CPT-E4T,Steel Cupboards,colours features,ตู้เอกสาร & ตู้ลิ้นชัก,/admin/p/thaitaiyo-cpt-e4t
CB-ST-42,D08,Steel Cupboards,colours,ล็อคเกอร์แขวนเสื้อ,/admin/p/nat-d08
CB-ST-43,D09,Steel Cupboards,colours,ล็อคเกอร์เก็บของ,/admin/p/nat-d09
CB-ST-44,F-06,Steel Cupboards,dimensions colours,ตู้เหล็กบานเลื่อนทึบ,/admin/p/nat-f-06
CB-ST-45,F-07,Steel Cupboards,dimensions colours,ตู้เหล็กบานเลื่อนกระจก,/admin/p/nat-f-07
CB-ST-46,F-1,Steel Cupboards,colours,ตู้เหล็กเก็บเอกสาร แบบเตี้ย,/admin/p/nat-f-1
CB-ST-47,F1,Steel Cupboards,dimensions,ตู้โครงเหล็กอลูมิเนียม,/admin/p/nat-f1
CB-ST-48,F16,Steel Cupboards,colours,คุณลักษณะเฉพาะ LK-012,/admin/p/nat-f16
CB-ST-49,F2,Steel Cupboards,colours,ตู้เสื้อผ้าเหล็กบานเลื่อนทึบ,/admin/p/nat-f2
CB-ST-50,F24,Steel Cupboards,colours,ตู้วางหนังสือ,/admin/p/nat-f24
CB-ST-51,F25,Steel Cupboards,colours,ตู้วางหนังสือ,/admin/p/nat-f25
CB-ST-52,FC-632,Steel Cupboards,colours features,ตู้เอกสาร & ตู้ลิ้นชัก,/admin/p/thaitaiyo-fc-632
CB-ST-53,FC-633,Steel Cupboards,colours features,ตู้เอกสาร & ตู้ลิ้นชัก,/admin/p/thaitaiyo-fc-633
CB-ST-54,FC-634,Steel Cupboards,dimensions colours,Document cabinet 4 drawer,/admin/p/nat-fc-634
CB-ST-55,FC-634,Steel Cupboards,colours features,ตู้เอกสาร & ตู้ลิ้นชัก,/admin/p/thaitaiyo-fc-634
CB-ST-56,FC-742,Steel Cupboards,colours features,ตู้เอกสาร & ตู้ลิ้นชัก,/admin/p/thaitaiyo-fc-742
CB-ST-57,FC-743,Steel Cupboards,colours features,ตู้เอกสาร & ตู้ลิ้นชัก,/admin/p/thaitaiyo-fc-743
CB-ST-58,FC-744,Steel Cupboards,colours features,ตู้เอกสาร & ตู้ลิ้นชัก,/admin/p/thaitaiyo-fc-744
CB-ST-59,FC-953,Steel Cupboards,dimensions colours,Document cabinet 3 drawer,/admin/p/nat-fc-953
CB-ST-60,FF-13,Steel Cupboards,colours,ตู้เก็บของบานเปิดคู่,/admin/p/nat-ff-13
CB-ST-61,FF-16,Steel Cupboards,dimensions colours,ตู้ล็อคเกอร์เหล็กแบบ 9 ช่อง,/admin/p/nat-ff-16
CB-ST-62,FF-18,Steel Cupboards,dimensions colours,ตู้ล็อคเกอร์เหล็กแบบ 6 ช่อง,/admin/p/nat-ff-18
CB-ST-63,FF-9,Steel Cupboards,dimensions colours,ตู้เก็บของบานเลื่อนสลับ,/admin/p/nat-ff-9
CB-ST-64,FO-39,Steel Cupboards,colours features,ตู้เอกสาร & ตู้ลิ้นชัก,/admin/p/thaitaiyo-fo-39
CB-ST-65,FR-107,Steel Cupboards,colours features,ตู้เก็บ,/admin/p/thaitaiyo-fr-107
CB-ST-66,FR-915,Steel Cupboards,colours features,ตู๊เก็บ,/admin/p/thaitaiyo-fr-915
CB-ST-67,K1C-05,Steel Cupboards,colours features,ตู้เอกสาร & ตู้ลิ้นชัก,/admin/p/thaitaiyo-k1c-05
CB-ST-68,K2N-05,Steel Cupboards,colours features,ตู้เอกสาร & ตู้ลิ้นชัก,/admin/p/thaitaiyo-k2n-05
CB-ST-69,LEGO PRIMARY LOCKER,Steel Cupboards,features,Lockers,/admin/p/practika-lego-primary-locker
CB-ST-70,LF-13,Steel Cupboards,dimensions,LOCKER เก็บของ,/admin/p/nat-lf-13
CB-ST-71,LF-307,Steel Cupboards,dimensions colours,ตู้ล็อคเกอร์,/admin/p/nat-lf-307
CB-ST-73,LK-003,Steel Cupboards,colours features,ตูล็อคเกอรระตู,/admin/p/thaitaiyo-lk-003
CB-ST-74,LK-006,Steel Cupboards,colours features,ตู้เอกสาร & ตู้ลิ้นชัก,/admin/p/thaitaiyo-lk-006
CB-ST-75,LK-009,Steel Cupboards,colours features,ตู้เอกสาร & ตู้ลิ้นชัก,/admin/p/thaitaiyo-lk-009
CB-ST-76,LK-01,Steel Cupboards,colours features,ตู้เอกสาร & ตู้ลิ้นชัก,/admin/p/thaitaiyo-lk-01
CB-ST-77,LK-012,Steel Cupboards,colours features,ตู้เอกสาร & ตู้ลิ้นชัก,/admin/p/thaitaiyo-lk-012
CB-ST-78,LK-018,Steel Cupboards,colours features,ตู้ล็อคเกอร,/admin/p/thaitaiyo-lk-018
CB-ST-79,LK-101G,Steel Cupboards,colours features,ตู้เอกสาร & ตู้ลิ้นชัก,/admin/p/thaitaiyo-lk-101g
CB-ST-80,LK-18,Steel Cupboards,colours features,ตู้เอกสาร & ตู้ลิ้นชัก,/admin/p/thaitaiyo-lk-18
CB-ST-81,LK33KP,Steel Cupboards,colours features,ตู้เอกสาร & ตู้ลิ้นชัก,/admin/p/thaitaiyo-lk33kp
CB-ST-82,LK-6102,Steel Cupboards,dimensions colours,คุณลักษณะตู้ LK – 6102,/admin/p/nat-lk-6102
CB-ST-83,LK-6106,Steel Cupboards,dimensions colours,คุณลักษณะเฉพาะ LK – 6106,/admin/p/nat-lk-6106
CB-ST-84,LK901D-62,Steel Cupboards,colours features,ตู้เอกสาร & ตู้ลิ้นชัก,/admin/p/thaitaiyo-lk901d-62
CB-ST-85,LK901S-63,Steel Cupboards,colours features,ตู้เอกสาร & ตู้ลิ้นชัก,/admin/p/thaitaiyo-lk901s-63
CB-ST-86,LK-903,Steel Cupboards,colours features,ตู้เอกสาร & ตู้ลิ้นชัก,/admin/p/thaitaiyo-lk-903
CB-ST-87,LKM-06,Steel Cupboards,colours features,ตู้เอกสาร & ตู้ลิ้นชัก,/admin/p/thaitaiyo-lkm-06
CB-ST-88,LKM-09,Steel Cupboards,colours features,ตู้เอกสาร & ตู้ลิ้นชัก,/admin/p/thaitaiyo-lkm-09
CB-ST-89,LKM-09N,Steel Cupboards,colours features,ldo ช่อง,/admin/p/thaitaiyo-lkm-09n
CB-ST-90,ตู้ LOCKER เหล็ก,Steel Cupboards,colours,ตู้ LOCKER เหล็ก,/admin/p/nat-tu-locker-elk
CB-ST-91,LS1D,Steel Cupboards,dimensions colours,ตู้เซฟ,/admin/p/nat-ls1d
CB-ST-92,MCB36,Steel Cupboards,colours features,ตู้เอกสาร & ตู้ลิ้นชัก,/admin/p/thaitaiyo-mcb36
CB-ST-93,MCB72D,Steel Cupboards,colours features,ตู้เอกสาร & ตู้ลิ้นชัก,/admin/p/thaitaiyo-mcb72d
CB-ST-94,MD-10,Steel Cupboards,colours features,ตู้เก็บ,/admin/p/thaitaiyo-md-10
CB-ST-95,MD-15,Steel Cupboards,colours features,ตู้เก็บ,/admin/p/thaitaiyo-md-15
CB-ST-96,MGC36,Steel Cupboards,colours features,ตู้เอกสาร & ตู้ลิ้นชัก,/admin/p/thaitaiyo-mgc36
CB-ST-97,MMD05S,Steel Cupboards,colours features,ตู้เอกสาร & ตู้ลิ้นชัก,/admin/p/thaitaiyo-mmd05s
CB-ST-98,PCB,Steel Cupboards,dimensions colours,PCB,/admin/p/nat-pcb
CB-ST-99,PCB ตู้เหล็กเก็บเอกสารบานเลื่อนทึบ+ ฐาน,Steel Cupboards,colours,PCB ตู้เหล็กเก็บเอกสารบานเลื่อนทึบ+ ฐาน,/admin/p/nat-pcb-tu-elk-kep-eksan-ban-luean-thuep-than
CB-ST-100,PD63,Steel Cupboards,colours features,ตู้เอกสาร & ตู้ลิ้นชัก,/admin/p/thaitaiyo-pd63
CB-ST-101,R-002,Steel Cupboards,colours features,ขาตู้ขนาดฟุ,/admin/p/thaitaiyo-r-002
CB-ST-102,R-004,Steel Cupboards,colours features,ขาตู๊ขนาดฟุ,/admin/p/thaitaiyo-r-004
CB-ST-103,R-005,Steel Cupboards,colours features,ขาตู้ขนาด 5 ฟุต,/admin/p/thaitaiyo-r-005
CB-ST-104,R-012T,Steel Cupboards,colours features,ตู้เอกสาร & ตู้ลิ้นชัก,/admin/p/thaitaiyo-r-012t
CB-ST-105,R-014T,Steel Cupboards,colours features,ตู้เอกสาร & ตู้ลิ้นชัก,/admin/p/thaitaiyo-r-014t
CB-ST-106,R-015,Steel Cupboards,colours features,ตู้เอกสาร & ตู้ลิ้นชัก,/admin/p/thaitaiyo-r-015
CB-ST-107,R-015T,Steel Cupboards,colours features,ตู้เอกสาร & ตู้ลิ้นชัก,/admin/p/thaitaiyo-r-015t
CB-ST-108,R-024T,Steel Cupboards,colours features,ตู้เอกสาร & ตู้ลิ้นชัก,/admin/p/thaitaiyo-r-024t
CB-ST-109,RACKING,Steel Cupboards,colours features,Shelves & Library Stacks,/admin/p/practika-racking
CB-ST-110,RD-106,Steel Cupboards,colours features,ตู๊อเนก,/admin/p/thaitaiyo-rd-106
CB-ST-111,RD-131,Steel Cupboards,colours features,ตู้เอกสาร & ตู้ลิ้นชัก,/admin/p/thaitaiyo-rd-131
CB-ST-112,RD-411,Steel Cupboards,colours features,ตู้เอกสาร & ตู้ลิ้นชัก,/admin/p/thaitaiyo-rd-411
CB-ST-113,RD-72,Steel Cupboards,colours features,ตู้เอกสาร & ตู้ลิ้นชัก,/admin/p/thaitaiyo-rd-72
CB-ST-114,RD-72S,Steel Cupboards,colours features,ตู้เอกสาร & ตู้ลิ้นชัก,/admin/p/thaitaiyo-rd-72s
CB-ST-115,S1,Steel Cupboards,colours,ตู้เหล็กเก็บ FILM,/admin/p/nat-s1
CB-ST-116,S2,Steel Cupboards,colours,Document cabinet,/admin/p/nat-s2
CB-ST-117,SD-013T,Steel Cupboards,colours features,ตู้เอกสาร & ตู้ลิ้นชัก,/admin/p/thaitaiyo-sd-013t
CB-ST-118,SD-014T,Steel Cupboards,colours features,ตู้เอกสาร & ตู้ลิ้นชัก,/admin/p/thaitaiyo-sd-014t
CB-ST-119,SD-015T,Steel Cupboards,colours features,ตู้เอกสาร & ตู้ลิ้นชัก,/admin/p/thaitaiyo-sd-015t
CB-ST-120,SD-023T,Steel Cupboards,colours features,ตู้เอกสาร & ตู้ลิ้นชัก,/admin/p/thaitaiyo-sd-023t
CB-ST-121,SD-024T,Steel Cupboards,colours features,ตู้เอกสาร & ตู้ลิ้นชัก,/admin/p/thaitaiyo-sd-024t
CB-ST-122,SD-025T,Steel Cupboards,colours features,ตู้เอกสาร & ตู้ลิ้นชัก,/admin/p/thaitaiyo-sd-025t
CB-ST-123,SD-723D,Steel Cupboards,colours features,ตู้เอกสาร & ตู้ลิ้นชัก,/admin/p/thaitaiyo-sd-723d
CB-ST-124,SD-723G,Steel Cupboards,colours features,ตู้เอกสาร & ตู้ลิ้นชัก,/admin/p/thaitaiyo-sd-723g
CB-ST-125,SD-723TD,Steel Cupboards,colours features,ตู้เอกสาร & ตู้ลิ้นชัก,/admin/p/thaitaiyo-sd-723td
CB-ST-126,SD-723TG,Steel Cupboards,colours features,ตูบานเลื่อนสูงกระจก,/admin/p/thaitaiyo-sd-723tg
CB-ST-127,SD-724TD,Steel Cupboards,colours features,ตู๊บานเลื่อนสูงทึบ,/admin/p/thaitaiyo-sd-724td
CB-ST-128,SD-724TG,Steel Cupboards,colours features,ตู้เอกสาร & ตู้ลิ้นชัก,/admin/p/thaitaiyo-sd-724tg
CB-ST-129,WD64DMPB-62,Steel Cupboards,colours features,ตู้เอกสาร & ตู้ลิ้นชัก,/admin/p/thaitaiyo-wd64dmpb-62
CB-ST-130,WD64SMPB-63,Steel Cupboards,colours features,ตู้เอกสาร & ตู้ลิ้นชัก,/admin/p/thaitaiyo-wd64smpb-63
CB-ST-131,WD72DR-62,Steel Cupboards,colours features,ตู้เอกสาร & ตู้ลิ้นชัก,/admin/p/thaitaiyo-wd72dr-62
CB-ST-132,WD72SR-63,Steel Cupboards,colours features,ตู้เอกสาร & ตู้ลิ้นชัก,/admin/p/thaitaiyo-wd72sr-63
CB-ST-133,WDF-80,Steel Cupboards,colours features,ตู้เอกสาร & ตู้ลิ้นชัก,/admin/p/thaitaiyo-wdf-80
CB-ST-134,WDSD-04-00,Steel Cupboards,colours features,ตู้เสือผ้าบานเลื่อนทึบ / กรจกเงา,/admin/p/thaitaiyo-wdsd-04-00
CB-ST-135,WDSD-04-01,Steel Cupboards,colours features,ตู้เสือผ้าบานเลือนทึบ,/admin/p/thaitaiyo-wdsd-04-01
CB-ST-136,WDSW-05,Steel Cupboards,colours features,ตู้เอกสาร & ตู้ลิ้นชัก,/admin/p/thaitaiyo-wdsw-05
CB-ST-137,X60,Steel Cupboards,colours,ตู้เสื้อผ้าเหล็กบานเปิดเดี่ยวบานทึบ,/admin/p/nat-x60
CB-ST-138,X60,Steel Cupboards,colours,ตู้เสื้อผ้าเหล็กบานเปิดเดี่ยวบานทึบ,/admin/p/nat-x60-2
CB-ST-139,X LOCKERS,Steel Cupboards,features,Lockers,/admin/p/practika-x-lockers
CB-WD-01,โต๊ะแต่งหน้าพร้อมเก้าอี้ แบบมีลิ้นชัก พร้อมไฟส่องสว่าง,Wooden Cupboards,colours,โต๊ะแต่งหน้าพร้อมเก้าอี้ แบบมีลิ้นชัก พร้อมไฟส่องสว่าง,/admin/p/nat-to-taengna-phrom-kaoi-baep-mi-linchak-phrom-fai-songtwang
CB-WD-02,ตู้เอกสารล้อเลื่อน,Wooden Cupboards,colours,ตู้เอกสารล้อเลื่อน,/admin/p/nat-tu-eksan-loluean
CB-WD-03,ตู้เอกสารทรงสูง,Wooden Cupboards,colours,ตู้เอกสารทรงสูง,/admin/p/nat-tu-eksan-throng-sung
CB-WD-04,ตู้เอกสารทรงเตี้ย,Wooden Cupboards,colours,ตู้เอกสารทรงเตี้ย,/admin/p/nat-tu-eksan-throng-tia
CB-WD-05,ตู้ข้างล้อเลื่อน,Wooden Cupboards,colours,ตู้ข้างล้อเลื่อน,/admin/p/nat-tu-khang-loluean
CB-WD-06,ตู้วางทีวี พร้อมลิ้นชักเก็บของ,Wooden Cupboards,colours,ตู้วางทีวี พร้อมลิ้นชักเก็บของ,/admin/p/nat-tu-wang-thiwi-phrom-linchak-kep-khong
CB-WD-07,ตู้เก็บเอกสาร ด้านล่างบานเลื่อนทีบ ด้านบนเปิดโล่ง,Wooden Cupboards,colours,ตู้เก็บเอกสาร ด้านล่างบานเลื่อนทีบ ด้านบนเปิดโล่ง,/admin/p/nat-tukepeksan-danlang-ban-luean-thi-b-danpn-poet-long
CB-WD-08,120 ATS,Wooden Cupboards,colours,Desk pedestal,/admin/p/perfect-120-ats
CB-WD-09,120 EST,Wooden Cupboards,colours,Desk pedestal,/admin/p/perfect-120-est
CB-WD-10,ตู้สอด 2 ลิ้นชัก,Wooden Cupboards,colours,ตู้สอด 2 ลิ้นชัก,/admin/p/nat-tu-sot-2-linchak
CB-WD-11,2CI1280A,Wooden Cupboards,colours features,ตู้เอการกลา,/admin/p/thaitaiyo-2ci1280a
CB-WD-12,2CI1280B,Wooden Cupboards,colours features,ตู๊เอกสารกลาง,/admin/p/thaitaiyo-2ci1280b
CB-WD-13,2CI150,Wooden Cupboards,colours features,ตู้เอกสาร & ตู้ลิ้นชัก,/admin/p/thaitaiyo-2ci150
CB-WD-14,2CI1512,Wooden Cupboards,colours features,ตู้เอกสาร & ตู้ลิ้นชัก,/admin/p/thaitaiyo-2ci1512
CB-WD-15,2CJ1208,Wooden Cupboards,colours features,ตู้เอกสาร & ตู้ลิ้นชัก,/admin/p/thaitaiyo-2cj1208
CB-WD-16,2CJ1210,Wooden Cupboards,colours features,ตู้เอกสาร & ตู้ลิ้นชัก,/admin/p/thaitaiyo-2cj1210
CB-WD-17,2CJ1212,Wooden Cupboards,colours features,ตู้เอกสาร & ตู้ลิ้นชัก,/admin/p/thaitaiyo-2cj1212
CB-WD-18,2CL850A,Wooden Cupboards,colours features,ตู้เอกสาร & ตู้ลิ้นชัก,/admin/p/thaitaiyo-2cl850a
CB-WD-19,2CL850B,Wooden Cupboards,colours features,ตู้เอกสาร & ตู้ลิ้นชัก,/admin/p/thaitaiyo-2cl850b
CB-WD-20,2CL8512A,Wooden Cupboards,colours features,ตู้เอกสาร & ตู้ลิ้นชัก,/admin/p/thaitaiyo-2cl8512a
CB-WD-21,2CL8512B,Wooden Cupboards,colours features,ตู้เอกสาร & ตู้ลิ้นชัก,/admin/p/thaitaiyo-2cl8512b
CB-WD-22,2CM1680A,Wooden Cupboards,colours features,ตู้เอกสาร & ตู้ลิ้นชัก,/admin/p/thaitaiyo-2cm1680a
CB-WD-23,2CM1680B,Wooden Cupboards,colours features,ตู้เอกสาร & ตู้ลิ้นชัก,/admin/p/thaitaiyo-2cm1680b
CB-WD-24,2CM800-BKN,Wooden Cupboards,colours features,ตู้เอกสาร & ตู้ลิ้นชัก,/admin/p/thaitaiyo-2cm800-bkn
CB-WD-25,2CM800-LCD,Wooden Cupboards,colours features,ตู้เอกสาร & ตู้ลิ้นชัก,/admin/p/thaitaiyo-2cm800-lcd
CB-WD-26,2CM810,Wooden Cupboards,colours features,ตู้เอกสาร & ตู้ลิ้นชัก,/admin/p/thaitaiyo-2cm810
CB-WD-27,2CM813,Wooden Cupboards,colours features,ตู้เอกสาร & ตู้ลิ้นชัก,/admin/p/thaitaiyo-2cm813
CB-WD-28,2CS1545L,Wooden Cupboards,colours features,ตู้เอกสาร & ตู้ลิ้นชัก,/admin/p/thaitaiyo-2cs1545l
CB-WD-29,2CS1545R,Wooden Cupboards,colours features,ตู้เอกสาร & ตู้ลิ้นชัก,/admin/p/thaitaiyo-2cs1545r
CB-WD-30,2CS1545R-01,Wooden Cupboards,colours features,ตู๊เอกสารต่อข้างขวา (ไม่เจาะ TOP),/admin/p/thaitaiyo-2cs1545r-01
CB-WD-31,2CT1208,Wooden Cupboards,colours features,ตู้เอกสาร & ตู้ลิ้นชัก,/admin/p/thaitaiyo-2ct1208
CB-WD-32,2CT1210,Wooden Cupboards,colours features,ตู้เอกสาร & ตู้ลิ้นชัก,/admin/p/thaitaiyo-2ct1210
CB-WD-33,2CT1212,Wooden Cupboards,colours features,ตู้เอกสาร & ตู้ลิ้นชัก,/admin/p/thaitaiyo-2ct1212
CB-WD-34,2DS2015L,Wooden Cupboards,colours features,ตู้เอกสาร & ตู้ลิ้นชัก,/admin/p/thaitaiyo-2ds2015l
CB-WD-35,2RL6T1,Wooden Cupboards,colours features,ตู้เอกสาร & ตู้ลิ้นชัก,/admin/p/thaitaiyo-2rl6t1
CB-WD-36,652-MNG,Wooden Cupboards,colours,ตู้ลิ้นชัก 2 ชั้น แบบมีล้อเลื่อน ( กุญแจอยู่กึ่งกลางบานเท่านั้น ),/admin/p/mono-652-mng
CB-WD-41,653 EST,Wooden Cupboards,colours,ตู้ลิ้นชักใต้โต๊ะทำงาน,/admin/p/perfect-653-est
CB-WD-48,A SQUARE 120,Wooden Cupboards,colours,Desk pedestal,/admin/p/perfect-a-square-120
CB-WD-49,A SQUARE 181,Wooden Cupboards,colours,Credenza,/admin/p/perfect-a-square-181
CB-WD-50,ATS 181,Wooden Cupboards,colours,Credenza,/admin/p/perfect-ats-181
CB-WD-51,B-1,Wooden Cupboards,colours,ตู้เอกสารบานเปิด,/admin/p/nat-b-1
CB-WD-52,B-4,Wooden Cupboards,colours,Document cabinet open,/admin/p/nat-b-4-2
CB-WD-53,BF-1,Wooden Cupboards,colours,ตู้เตี้ย,/admin/p/nat-bf-1
CB-WD-55,BF-2,Wooden Cupboards,colours,ตู้เก็บรองเท้า,/admin/p/nat-bf-2-2
CB-WD-56,BF4,Wooden Cupboards,colours,ตู้เตี้ย,/admin/p/nat-bf4
CB-WD-57,BF-6,Wooden Cupboards,colours features,ตู้เก็บรองเท้า,/admin/p/nat-bf-6-2
CB-WD-58,BF-7,Wooden Cupboards,colours,ตู้เตี้ย,/admin/p/nat-bf-7
CB-WD-59,BP 150 OC,Wooden Cupboards,colours,ตู้เอกสารสูง 2 บานเปิด,/admin/p/mono-bp-150-oc
CB-WD-60,BP 792 C,Wooden Cupboards,colours features,ตู้เอกสารเตี้ยโล่ง,/admin/p/mono-bp-792-c
CB-WD-61,BP 792 O,Wooden Cupboards,colours,ตู้เอกสารเตี้ย 2 บานเปิด,/admin/p/mono-bp-792-o
CB-WD-62,ฺBR2F-60,Wooden Cupboards,colours,ตู้ลิ้นชัก 2 ชั้น แบบติดตายกับโต๊ะ(สำหรับหน้าโต๊ะลึก 60 ซม.),/admin/p/perfect-br-2-f-60
CB-WD-63,C1,Wooden Cupboards,colours,ตู้ลิ้นชักล้อเลื่อน 3 ชั้น,/admin/p/nat-c1-2
CB-WD-64,C1,Wooden Cupboards,colours,Document cabinet,/admin/p/nat-c1-3
CB-WD-65,C 150 WCS [ F],Wooden Cupboards,colours features,ตู้วางแฟ้มเอกสาร แบบโล่ง (วางแฟ้มตราช้างได้ 4ชั้น),/admin/p/mono-c-150-wcs-f
CB-WD-66,C 150 WCS [ML],Wooden Cupboards,colours features,ตู้วางแฟ้มเอกสาร แบบโล่ง (วางแฟ้มตราช้างได้ 4ชั้น),/admin/p/mono-c-150-wcs-ml
CB-WD-67,C 150 WFS [F],Wooden Cupboards,colours,ตู้เก็บเอกสาร แบบแขวนไฟล์ตามขวาง 2 ชั้นล่าง/บนชั้นโล่ง,/admin/p/mono-c-150-wfs-f
CB-WD-68,C 150 WFS [ML],Wooden Cupboards,colours,ตู้เก็บเอกสาร แบบแขวนไฟล์ตามขวาง 2 ชั้นล่าง/บนชั้นโล่ง,/admin/p/mono-c-150-wfs-ml
CB-WD-69,C 150 WOS [F],Wooden Cupboards,colours,ตู้วางแฟ้มเอกสาร แบบมีบานเปิดคู่ล่าง/ด้านบนโล่ง (วางแฟ้มตราช้างได้ 2 ชั้น),/admin/p/mono-c-150-wos-f
CB-WD-70,C 150 WOS [ML],Wooden Cupboards,colours,ตู้วางแฟ้มเอกสาร แบบมีบานเปิดคู่ล่าง/ด้านบนโล่ง (วางแฟ้มตราช้างได้ 2 ชั้น),/admin/p/mono-c-150-wos-ml
CB-WD-71,C 150 WSS [F],Wooden Cupboards,colours,ตู้วางแฟ้มเอกสาร บานเลื่อนล่าง/บนชั้นโล่ง (วางแฟ้มตราช้างได้ 4 ชั้น),/admin/p/mono-c-150-wss-f
CB-WD-72,C 150 WSS [ML],Wooden Cupboards,colours,ตู้วางแฟ้มเอกสาร บานเลื่อนล่าง/บนชั้นโล่ง (วางแฟ้มตราช้างได้ 4 ชั้น),/admin/p/mono-c-150-wss-ml
CB-WD-73,C3,Wooden Cupboards,colours,ตู้เก็บเอกสาร 4 บานเปิด,/admin/p/nat-c3
CB-WD-74,C3,Wooden Cupboards,colours,Document cabinet,/admin/p/nat-c3-2
CB-WD-75,C4,Wooden Cupboards,colours,ตู้เก็บเอกสารบานกระจก/บานสไลด์,/admin/p/nat-c4
CB-WD-76,C4,Wooden Cupboards,dimensions colours,ตู้เก็บเอกสารบานกระจก/บานสไลด์,/admin/p/nat-c4-2
CB-WD-77,C 792 WCS [F],Wooden Cupboards,colours features,ตู้เอกสารโล่ง (วางแฟ้มตราช้างได้ 2 ชั้น),/admin/p/mono-c-792-wcs-f
CB-WD-78,C 792 WCS [ML],Wooden Cupboards,colours features,ตู้เอกสารโล่ง (วางแฟ้มตราช้างได้ 2 ชั้น),/admin/p/mono-c-792-wcs-ml
CB-WD-79,C 792 WFS [F],Wooden Cupboards,colours,ตู้เก็บเอกสาร แบบแขวนไฟล์ตามขวาง 2 ชั้น,/admin/p/mono-c-792-wfs-f
CB-WD-80,C 792 WFS [ML],Wooden Cupboards,colours,ตู้เก็บเอกสาร แบบแขวนไฟล์ตามขวาง 2 ชั้น,/admin/p/mono-c-792-wfs-ml
CB-WD-81,C 792 WOS [F],Wooden Cupboards,colours,ตู้วางแฟ้มเอกสาร แบบมีบานเปิดคู่ (วางแฟ้มตราช้างได้ 2 ชั้น),/admin/p/mono-c-792-wos-f
CB-WD-82,C 792 WOS [ML],Wooden Cupboards,colours,ตู้วางแฟ้มเอกสาร แบบมีบานเปิดคู่ (วางแฟ้มตราช้างได้ 2 ชั้น),/admin/p/mono-c-792-wos-ml
CB-WD-83,C 792 WSS [F],Wooden Cupboards,colours,ตู้วางแฟ้มเอกสาร บานเลื่อน (วางแฟ้มตราช้างได้ 2 ชั้น),/admin/p/mono-c-792-wss-f
CB-WD-84,C 792 WSS [ML],Wooden Cupboards,colours,ตู้วางแฟ้มเอกสาร บานเลื่อน (วางแฟ้มตราช้างได้ 2 ชั้น),/admin/p/mono-c-792-wss-ml
CB-WD-85,CA-01,Wooden Cupboards,colours,ตู้เอกสารเตี้ย,/admin/p/nat-ca-01-2
CB-WD-86,CA-02.3,Wooden Cupboards,colours,Document cabinet,/admin/p/nat-ca-02-3
CB-WD-87,CA-03,Wooden Cupboards,colours,Document cabinet,/admin/p/nat-ca-03
CB-WD-88,CA-1,Wooden Cupboards,colours,Document cabinet,/admin/p/nat-ca-1
CB-WD-89,CA1,Wooden Cupboards,colours,ตู้เก็บอุปกรณ์เตี้ย(ตู้บานเปิด),/admin/p/nat-ca1
CB-WD-90,CA2,Wooden Cupboards,colours,ตู้เก็บอุปกรณ์เตี้ย(ตู้ชั้นวาง),/admin/p/nat-ca2
CB-WD-91,CA3,Wooden Cupboards,colours,ตู้เก็บอุปกรณ์,/admin/p/nat-ca3
CB-WD-92,CB1,Wooden Cupboards,colours,ตู้เอกสารห้องรองอธิการบดีและเลขานุการอธิการบดี,/admin/p/nat-cb1-2
CB-WD-93,CB1,Wooden Cupboards,colours,ตู้ 4 บานเปิด,/admin/p/nat-cb1-3
CB-WD-94,CB-2,Wooden Cupboards,colours,ตู้เอกสารสูง บานเปิด,/admin/p/nat-cb-2
CB-WD-95,CB-2,Wooden Cupboards,colours,Document cabinet,/admin/p/nat-cb-2-2
CB-WD-96,CB-2,Wooden Cupboards,colours,ตู้เอกสารบานเปิดกระจก / บานเปิด,/admin/p/nat-cb-2-3
CB-WD-97,CB2,Wooden Cupboards,colours,ตู้ 2 ลิ้นชัก,/admin/p/nat-cb2-5
CB-WD-98,CB-3,Wooden Cupboards,colours,Document cabinet,/admin/p/nat-cb-3
CB-WD-99,CB4,Wooden Cupboards,dimensions colours,ตู้เก็บเสื้อผ้า (ล็อคเกอร์)แบบ 9 ช่อง,/admin/p/nat-cb4-2
CB-WD-100,CB4,Wooden Cupboards,colours,ตู้อเนกประสงค์ ห้องทำงานอธิการบดี / นายกสภาฯ,/admin/p/nat-cb4-3
CB-WD-101,CB6,Wooden Cupboards,colours,Document cabinet 3 drawer,/admin/p/nat-cb6
CB-WD-102,CBT160,Wooden Cupboards,colours,Document cabinet,/admin/p/nat-cbt160
CB-WD-103,CH-01,Wooden Cupboards,colours,ตู้2บานกระจก2บานเปิด,/admin/p/nat-ch-01
CB-WD-104,CL-01,Wooden Cupboards,colours,ตู้2บานเปิด 80X40X81,/admin/p/nat-cl-01
CB-WD-105,CL-05,Wooden Cupboards,colours,ตู้ข้างล้อเลื่อน 3 ลิ้นชัก,/admin/p/nat-cl-05
CB-WD-106,CL-08,Wooden Cupboards,colours,ตู้ข้างเตี้ย,/admin/p/nat-cl-08
CB-WD-107,CL-09,Wooden Cupboards,colours,ตู้บานเปิดรางขาเหล็กL 160X40X67,/admin/p/nat-cl-09
CB-WD-111,ES-10,Wooden Cupboards,colours,Sideboard,/admin/p/mono-es-10
CB-WD-112,ES-10,Wooden Cupboards,colours,Sideboard,/admin/p/mono-es-10-2
CB-WD-117,EST-SB-180,Wooden Cupboards,colours,Credenza,/admin/p/perfect-est-sb-180
CB-WD-118,EST-SB-200,Wooden Cupboards,colours,Credenza,/admin/p/perfect-est-sb-200
CB-WD-119,EXC-CB2,Wooden Cupboards,colours,ตู้ไซด์บอร์ดผอ.,/admin/p/nat-exc-cb2
CB-WD-120,F-05,Wooden Cupboards,colours,ตู้เก็บรองเท้า,/admin/p/nat-f-05
CB-WD-121,F10,Wooden Cupboards,colours,ตู้เก็บเอกสารชนิดสูงบานทึบ,/admin/p/nat-f10
CB-WD-122,F-11,Wooden Cupboards,colours,Document cabinet,/admin/p/nat-f-11
CB-WD-123,F13,Wooden Cupboards,colours,ตู้เอกสารบานเปิด,/admin/p/nat-f13
CB-WD-124,F-16,Wooden Cupboards,colours,ตู้เก็บเสื้อ,/admin/p/nat-f-16-2
CB-WD-125,F-19,Wooden Cupboards,colours,ตู้เก็บเอกสารบานเปิด,/admin/p/nat-f-19
CB-WD-126,F-20,Wooden Cupboards,colours,ตู้เก็บของ,/admin/p/nat-f-20
CB-WD-127,F-20,Wooden Cupboards,colours,ตู้เตี้ยเก็บของ,/admin/p/nat-f-20-2
CB-WD-128,F-23,Wooden Cupboards,colours,Document cabinet,/admin/p/nat-f-23
CB-WD-129,F-24,Wooden Cupboards,colours,ตู้เก็บของ,/admin/p/nat-f-24
CB-WD-130,F2A,Wooden Cupboards,colours features,ข้างตรง ไม่มีลิ้นชัก,/admin/p/nat-f2a
CB-WD-131,F-3,Wooden Cupboards,colours,ตู้เก็บรองเท้า,/admin/p/nat-f-3-2
CB-WD-132,F-34,Wooden Cupboards,dimensions colours,ตู้วางโทรทัศน์,/admin/p/nat-f-34
CB-WD-133,F-35,Wooden Cupboards,colours,ตู้เอกสารเลขาธิการ,/admin/p/nat-f-35
CB-WD-134,F4,Wooden Cupboards,colours,ตู้วางทีวี,/admin/p/nat-f4
CB-WD-135,F-43.1,Wooden Cupboards,colours,ตู้เตี้ยลิ้นชัก,/admin/p/nat-f-43-1
CB-WD-136,F-44.1,Wooden Cupboards,colours,ตู้เตี้ยลิ้นชัก,/admin/p/nat-f-44-1
CB-WD-137,F5,Wooden Cupboards,colours,ตู้ลิ้นชักเก็บของ,/admin/p/nat-f5
CB-WD-139,F6,Wooden Cupboards,colours,ตู้บานเลื่อนเก็บของ,/admin/p/nat-f6
CB-WD-140,F7,Wooden Cupboards,colours,ตู้วางทีวี,/admin/p/nat-f7-8
CB-WD-141,F-8,Wooden Cupboards,colours,ตู้เตี้ย,/admin/p/nat-f-8
CB-WD-142,F8,Wooden Cupboards,colours,Document cabinet,/admin/p/nat-f8
CB-WD-143,F9,Wooden Cupboards,colours,ตู้เอกสารบานเปิด,/admin/p/nat-f9
CB-WD-144,FAT-SB 200,Wooden Cupboards,features,Sideboard,/admin/p/mono-fat-sb-200
CB-WD-145,FF-21,Wooden Cupboards,colours,Drawer pedestal,/admin/p/nat-ff-21
CB-WD-146,FF-24,Wooden Cupboards,colours,Drawer pedestal,/admin/p/nat-ff-24
CB-WD-147,HB-CIG14,Wooden Cupboards,colours features,ตู้เอกสาร & ตู้ลิ้นชัก,/admin/p/thaitaiyo-hb-cig14
CB-WD-148,HB-CL814,Wooden Cupboards,colours features,ตู้เอกสาร & ตู้ลิ้นชัก,/admin/p/thaitaiyo-hb-cl814
CB-WD-149,HB-CL820,Wooden Cupboards,colours features,ตู้เอกสาร & ตู้ลิ้นชัก,/admin/p/thaitaiyo-hb-cl820
CB-WD-150,HB-CM814,Wooden Cupboards,colours features,ตู้เอกสาร & ตู้ลิ้นชัก,/admin/p/thaitaiyo-hb-cm814
CB-WD-151,HB-CM824,Wooden Cupboards,colours features,ตู้เอกสาร & ตู้ลิ้นชัก,/admin/p/thaitaiyo-hb-cm824
CB-WD-152,HB-EXDL06-1818,Wooden Cupboards,colours features,ตู้เอกสาร & ตู้ลิ้นชัก,/admin/p/thaitaiyo-hb-exdl06-1818
CB-WD-153,HB-PD662,Wooden Cupboards,colours features,ตู้เอกสาร & ตู้ลิ้นชัก,/admin/p/thaitaiyo-hb-pd662
CB-WD-154,HB-PET75,Wooden Cupboards,colours features,ตู้เอกสาร & ตู้ลิ้นชัก,/admin/p/thaitaiyo-hb-pet75
CB-WD-155,"I-DO 652/R ,/L",Wooden Cupboards,colours,Drawer pedestal 2-tier mobile,/admin/p/mono-i-do-652-r-l
CB-WD-156,JK 702,Wooden Cupboards,colours,ตู้ลิ้นชัก 2 ชั้น แบบติดตายกับโต๊ะ(สำหรับหน้าโต๊ะลึก 75 ซม.),/admin/p/mono-jk-702
CB-WD-157,JKS 652,Wooden Cupboards,colours,Drawer pedestal 2-tier mobile,/admin/p/mono-jks-652
CB-WD-158,JKS 653,Wooden Cupboards,colours,Drawer pedestal 3-tier mobile,/admin/p/mono-jks-653
CB-WD-159,LE ZURI,Wooden Cupboards,colours features,Cabinets,/admin/p/practika-le-zuri
CB-WD-160,LF-06,Wooden Cupboards,colours,LF -06 document cabinet,/admin/p/nat-lf-06
CB-WD-161,LF-15,Wooden Cupboards,colours,ตู้เตี้ยเก็บของบานเปิดคู่,/admin/p/nat-lf-15
CB-WD-162,LF-16,Wooden Cupboards,colours,ตู้เตี้ยเก็บของบานสไลด์คู่,/admin/p/nat-lf-16
CB-WD-164,LF-302,Wooden Cupboards,colours,ตู้เอกสารกลาง,/admin/p/nat-lf-302
CB-WD-165,M ตู้กระจกห้องน้ำ,Wooden Cupboards,colours,M ตู้กระจกห้องน้ำ,/admin/p/nat-m-tukratk-ongnam
CB-WD-166,MODUS,Wooden Cupboards,colours features,Shelves & Library Stacks,/admin/p/practika-modus
CB-WD-167,MT-150 CP,Wooden Cupboards,colours features,ตู้วางแฟ้มเอกสาร แบบโล่ง (วางแฟ้มตราช้างได้ 4ชั้น),/admin/p/mono-mt-150-cp
CB-WD-176,MT-200 CP,Wooden Cupboards,colours features,ตู้วางแฟ้มเอกสาร แบบโล่ง (วางแฟ้มตราช้างได้ 4ชั้น),/admin/p/mono-mt-200-cp
CB-WD-184,MT-415 CP,Wooden Cupboards,colours features,ตู้วางแฟ้มเอกสาร แบบโล่ง (วางแฟ้มตราช้างได้ 4ชั้น),/admin/p/mono-mt-415-cp
CB-WD-187,MT-420 CP,Wooden Cupboards,colours features,ตู้วางแฟ้มเอกสาร แบบโล่ง (วางแฟ้มตราช้างได้ 4ชั้น),/admin/p/mono-mt-420-cp
CB-WD-190,MT-440 CP,Wooden Cupboards,colours features,ตู้วางแฟ้มเอกสาร แบบโล่ง ( 1 ชั้นปรับระดับ ),/admin/p/mono-mt-440-cp
CB-WD-192,MT-840 CP,Wooden Cupboards,colours features,ตู้วางแฟ้มเอกสาร แบบโล่ง ( 1 ชั้นปรับระดับ ),/admin/p/mono-mt-840-cp
CB-WD-197,R-003,Wooden Cupboards,colours features,ตู้เอกสาร & ตู้ลิ้นชัก,/admin/p/thaitaiyo-r-003
CB-WD-198,SB1,Wooden Cupboards,colours,ตู้วางแฟ้มเอกสาร แบบมีบานเปิดคู่ SB1,/admin/p/nat-sb1
CB-WD-199,SB1,Wooden Cupboards,colours,ตู้เอกสารทรงเตี้ย,/admin/p/nat-sb1-2
CB-WD-200,"SB-180,SB-200",Wooden Cupboards,colours,Sideboard,/admin/p/mono-sb-180-sb-200
CB-WD-201,"SB-180,SB-200",Wooden Cupboards,colours,Sideboard,/admin/p/mono-sb-180-sb-200-2
CB-WD-202,SB2,Wooden Cupboards,colours,ตู้เอกสารทรงเตี้ย,/admin/p/nat-sb2
CB-WD-203,SB3,Wooden Cupboards,colours,ตู้วางแฟ้มเอกสาร แบบมีบานเปิดคู่ล่าง/ด้านบนโล่ง,/admin/p/nat-sb3
CB-WD-204,SB5,Wooden Cupboards,colours features,Sideboard H,/admin/p/nat-sb5
CB-WD-207,SLASH,Wooden Cupboards,features,Lockers,/admin/p/practika-slash
CB-WD-208,SLOT,Wooden Cupboards,colours features,Lockers,/admin/p/practika-slot
CB-WD-212,TETRIS STORAGE CABINET,Wooden Cupboards,features,Lockers,/admin/p/practika-tetris-storage-cabinet
CB-WD-213,"TPC-120/R,L",Wooden Cupboards,features,Side cabinet table,/admin/p/mono-tpc-120-r-l
CB-WD-214,"TPC-653 R , TPC-653 L",Wooden Cupboards,colours,Drawer pedestal 2-tier mobile,/admin/p/mono-tpc-653-r-tpc-653-l
CB-WD-215,VISTA,Wooden Cupboards,colours features,Lockers,/admin/p/practika-vista
CB-WD-216,WAGON,Wooden Cupboards,colours features,Cabinets,/admin/p/practika-wagon
CB-WD-217,ZEENARIO,Wooden Cupboards,colours features,Cabinets,/admin/p/practika-zeenario
CH-LT-02,A 1726-2,Leather Chairs,dimensions colours,Task chair high back,/admin/p/patara-a-1726-2
CH-LT-03,ABABWA_BENCH,Leather Chairs,colours features,Benches & Row Chairs,/admin/p/practika-ababwa-bench
CH-LT-33,ATT 3,Leather Chairs,colours,Waiting chair 3-seater,/admin/p/perfect-att-3
CH-LT-38,AUDITORIUM 1,Leather Chairs,colours features,Training Chairs & Auditorium Seats,/admin/p/practika-auditorium-1
CH-LT-39,AUDITORIUM 2,Leather Chairs,colours features,Training Chairs & Auditorium Seats,/admin/p/practika-auditorium-2
CH-LT-40,AUDITORIUM 4,Leather Chairs,colours features,Training Chairs & Auditorium Seats,/admin/p/practika-auditorium-4
CH-LT-41,BLOOM OFFICE /LOUNGE CHAIR,Leather Chairs,features,Office Chairs,/admin/p/practika-bloom-office-lounge-chair
CH-LT-42,BN 2,Leather Chairs,features,Waiting chair 2-seater,/admin/p/perfect-bn-2
CH-LT-43,BN 2 / WHT,Leather Chairs,features,"Waiting chair 2-seater with cup holder, centre",/admin/p/perfect-bn-2-wht
CH-LT-44,BN 2 /WTL,Leather Chairs,features,"Waiting chair 2-seater with cup holder, left",/admin/p/perfect-bn-2-wtl
CH-LT-45,BN 3,Leather Chairs,features,Waiting chair 3-seater,/admin/p/perfect-bn-3
CH-LT-46,BN 3 /WHT,Leather Chairs,features,"Waiting chair 2-seater with cup holder, centre",/admin/p/perfect-bn-3-wht
CH-LT-47,BN 3 /WTL,Leather Chairs,features,"Waiting chair 2-seater with cup holder, right",/admin/p/perfect-bn-3-wtl
CH-LT-48,BN 3 /WTR,Leather Chairs,features,"Waiting chair 3-seater with cup holder, right",/admin/p/perfect-bn-3-wtr
CH-LT-49,BN 4,Leather Chairs,features,Waiting chair 4-seater,/admin/p/perfect-bn-4
CH-LT-52,BOMAX / H,Leather Chairs,colours,Office chair high back,/admin/p/mono-bomax-h
CH-LT-53,BOMAX / M,Leather Chairs,colours,Office chair high back,/admin/p/mono-bomax-m
CH-LT-54,BONN TRAINING CHAIR,Leather Chairs,dimensions colours features,Training Chairs & Auditorium Seats,/admin/p/practika-bonn-training-chair
CH-LT-55,BOSSY / M,Leather Chairs,colours,Office chair mid back with armrests,/admin/p/perfect-bossy-m
CH-LT-56,C1,Leather Chairs,dimensions colours,เก้าอี้ล้อเลื่อนหุ้มหนังเทียมมีท้าวแขน,/admin/p/nat-c1-6
CH-LT-57,C 1703-1,Leather Chairs,dimensions colours,เก้าอี้ทำงานพนักพิงกลาง แบบขา 4 แฉก,/admin/p/patara-c-1703-1
CH-LT-63,CL 2,Leather Chairs,features,Waiting chair 2-seater,/admin/p/mono-cl-2
CH-LT-64,CL 2/HT,Leather Chairs,features,"Waiting chair 2-seater with cup holder, centre",/admin/p/mono-cl-2-ht
CH-LT-65,CL 2/LT,Leather Chairs,features,"Waiting chair 2-seater with cup holder, left",/admin/p/mono-cl-2-lt
CH-LT-66,CL 2/RT,Leather Chairs,features,"Waiting chair 2-seater with cup holder, right",/admin/p/mono-cl-2-rt
CH-LT-67,CL 3,Leather Chairs,features,Waiting chair 3-seater,/admin/p/mono-cl-3
CH-LT-68,CLOUD SEATING PAD,Leather Chairs,colours features,Classroom Chairs & Seating Pads,/admin/p/practika-cloud-seating-pad
CH-LT-71,CR 1/CC,Leather Chairs,colours,Office chair low back bent-leg with armrests,/admin/p/mono-cr-1-cc
CH-LT-79,CUSHY SEATING PAD,Leather Chairs,colours features,Classroom Chairs & Seating Pads,/admin/p/practika-cushy-seating-pad
CH-LT-84,DARLIE,Leather Chairs,features,Multipurpose chair without armrests,/admin/p/mono-darlie
CH-LT-85,DELL OFFICE /LOUNGE CHAIR,Leather Chairs,colours features,Office Chairs,/admin/p/practika-dell-office-lounge-chair
CH-LT-87,DM 1/C,Leather Chairs,features,Multipurpose chair without armrests,/admin/p/perfect-dm-1-c
CH-LT-90,DM 2,Leather Chairs,features,Waiting chair 2-seater,/admin/p/perfect-dm-2
CH-LT-91,DM 2/HT,Leather Chairs,features,"Waiting chair 2-seater with cup holder, centre",/admin/p/perfect-dm-2-ht
CH-LT-93,DM 2/TL,Leather Chairs,features,"Waiting chair 2-seater with cup holder, left",/admin/p/perfect-dm-2-tl
CH-LT-94,DM 2/TR,Leather Chairs,features,"Waiting chair 2-seater with cup holder, left",/admin/p/perfect-dm-2-tr
CH-LT-95,DM 3,Leather Chairs,features,Waiting chair 3-seater,/admin/p/perfect-dm-3
CH-LT-96,DM 3/HT,Leather Chairs,features,"Waiting chair 3-seater with cup holder, centre",/admin/p/perfect-dm-3-ht
CH-LT-98,DM 3/TL,Leather Chairs,features,"Waiting chair 3-seater with cup holder, left",/admin/p/perfect-dm-3-tl
CH-LT-99,DM 3/TR,Leather Chairs,features,"Waiting chair 3-seater with cup holder, right",/admin/p/perfect-dm-3-tr
CH-LT-100,DM 4,Leather Chairs,features,Waiting chair 4-seater,/admin/p/perfect-dm-4
CH-LT-102,DN/C,Leather Chairs,features,Visitor chair bent steel frame,/admin/p/perfect-dn-c
CH-LT-110,EDMUN EDUCATION CHAIR,Leather Chairs,dimensions features,Classroom Chairs & Seating Pads,/admin/p/practika-edmun-education-chair
CH-LT-113,ENGAGE EDUCATION CHAIR,Leather Chairs,dimensions features,Classroom Chairs & Seating Pads,/admin/p/practika-engage-education-chair
CH-LT-114,EVE STACKING CHAIR,Leather Chairs,features,Stacking Chairs,/admin/p/practika-eve-stacking-chair
CH-LT-115,EXC-1,Leather Chairs,features,Excutive Chairs,/admin/p/practika-exc-1
CH-LT-116,EXC-20,Leather Chairs,features,Excutive Chairs,/admin/p/practika-exc-20
CH-LT-117,EXC-21,Leather Chairs,features,Excutive Chairs,/admin/p/practika-exc-21
CH-LT-118,EXC-27,Leather Chairs,features,Excutive Chairs,/admin/p/practika-exc-27
CH-LT-119,EXC-2S,Leather Chairs,features,Excutive Chairs,/admin/p/practika-exc-2s
CH-LT-120,EXC-3,Leather Chairs,features,Excutive Chairs,/admin/p/practika-exc-3
CH-LT-121,EXC-31,Leather Chairs,features,Excutive Chairs,/admin/p/practika-exc-31
CH-LT-122,EXC-34,Leather Chairs,features,Excutive Chairs,/admin/p/practika-exc-34
CH-LT-123,EXC-35,Leather Chairs,features,Excutive Chairs,/admin/p/practika-exc-35
CH-LT-124,EXC-36,Leather Chairs,features,Excutive Chairs,/admin/p/practika-exc-36
CH-LT-125,EXC-4,Leather Chairs,features,Excutive Chairs,/admin/p/practika-exc-4
CH-LT-129,FF 02/H,Leather Chairs,colours,Office chair high back with armrests,/admin/p/perfect-ff-02-h
CH-LT-130,FF 02/M,Leather Chairs,colours,Office chair mid back with armrests,/admin/p/perfect-ff-02-m
CH-LT-131,FRIDER OFFICE CHAIR,Leather Chairs,features,Office Chairs,/admin/p/practika-frider-office-chair
CH-LT-132,FRIDMAN OFFICE CHAIR,Leather Chairs,features,Office Chairs,/admin/p/practika-fridman-office-chair
CH-LT-134,GD 02,Leather Chairs,features,Waiting chair 2-seater,/admin/p/mono-gd-02
CH-LT-135,GD 02/HT,Leather Chairs,features,"Waiting chair 2-seater with cup holder, centre",/admin/p/mono-gd-02-ht
CH-LT-136,GD 02/LT,Leather Chairs,features,เก้าอี้พักคอย ขนาด 2 ที่นั่ง มีที่วางแก้วอยู่ด้ายซ้ายมือ,/admin/p/mono-gd-02-lt
CH-LT-137,GD 02/RT,Leather Chairs,features,เก้าอี้พักคอย ขนาด 2 ที่นั่ง มีที่วางแก้วอยู่ด้ายขวามือ,/admin/p/mono-gd-02-rt
CH-LT-138,GD 03,Leather Chairs,features,Waiting chair 3-seater,/admin/p/mono-gd-03
CH-LT-139,GD 04,Leather Chairs,features,Waiting chair 4-seater,/admin/p/mono-gd-04
CH-LT-140,GD 04/HT,Leather Chairs,features,"Waiting chair 4-seater with cup holder, centre",/admin/p/mono-gd-04-ht
CH-LT-141,GD 04/LT,Leather Chairs,features,"Waiting chair 3-seater with cup holder, left",/admin/p/mono-gd-04-lt
CH-LT-142,GD 04/RT,Leather Chairs,features,"Waiting chair 3-seater with cup holder, centre",/admin/p/mono-gd-04-rt
CH-LT-143,GD 3/HT,Leather Chairs,features,"Waiting chair 3-seater with cup holder, centre",/admin/p/mono-gd-3-ht
CH-LT-144,GD 3/LT,Leather Chairs,features,"Waiting chair 3-seater with cup holder, left",/admin/p/mono-gd-3-lt
CH-LT-145,GD 3/RT,Leather Chairs,features,"Waiting chair 3-seater with cup holder, right",/admin/p/mono-gd-3-rt
CH-LT-147,HYDE_ROW CHAIR,Leather Chairs,colours features,Benches & Row Chairs,/admin/p/practika-hyde-row-chair
CH-LT-148,JAMROLL,Leather Chairs,features,Benches & Row Chairs,/admin/p/practika-jamroll
CH-LT-149,JM/C,Leather Chairs,features,JM/C,/admin/p/perfect-jm-c
CH-LT-153,KAIZER_ROW CHAIR,Leather Chairs,colours features,Benches & Row Chairs,/admin/p/practika-kaizer-row-chair
CH-LT-154,KEELNER_BENCH,Leather Chairs,colours features,Benches & Row Chairs,/admin/p/practika-keelner-bench
CH-LT-156,KRAE,Leather Chairs,features,Benches & Row Chairs,/admin/p/practika-krae
CH-LT-157,LD / H,Leather Chairs,colours,Office chair high back (head height),/admin/p/mono-ld-h
CH-LT-158,LD / M,Leather Chairs,colours,Office chair mid back (shoulder height),/admin/p/mono-ld-m
CH-LT-159,LG 12 / H,Leather Chairs,colours,Office chair high back with armrests,/admin/p/perfect-lg-12-h
CH-LT-160,LG 12 / M,Leather Chairs,colours,Office chair mid back with armrests,/admin/p/perfect-lg-12-m
CH-LT-161,LG 13 / H,Leather Chairs,colours,Office chair high back,/admin/p/perfect-lg-13-h
CH-LT-162,LG 13 / M,Leather Chairs,colours,Office chair mid back,/admin/p/perfect-lg-13-m
CH-LT-169,LG18 / M,Leather Chairs,colours,Office chair mid back,/admin/p/perfect-lg18-m
CH-LT-171,LG 20 / H,Leather Chairs,colours,Task chair high back,/admin/p/perfect-lg-20-h
CH-LT-172,LG21 / H,Leather Chairs,colours,Task chair high back,/admin/p/perfect-lg21-h
CH-LT-174,LG 9 / H,Leather Chairs,colours,Office chair high back with armrests,/admin/p/perfect-lg-9-h
CH-LT-175,LINK_BENCH,Leather Chairs,colours features,Benches & Row Chairs,/admin/p/practika-link-bench
CH-LT-178,LN/C,Leather Chairs,features,Office chair bent steel frame,/admin/p/perfect-ln-c
CH-LT-183,LR/H,Leather Chairs,colours,Office chair head-height back with armrests,/admin/p/mono-lr-h
CH-LT-184,LR/M,Leather Chairs,colours,Office chair shoulder-height back with armrests,/admin/p/mono-lr-m
CH-LT-185,MACRYLIC_BENCH,Leather Chairs,colours features,Benches & Row Chairs,/admin/p/practika-macrylic-bench
CH-LT-187,MARS OFFICE CHAIR,Leather Chairs,colours features,Office Chairs,/admin/p/practika-mars-office-chair
CH-LT-194,MORI-B_BENCH,Leather Chairs,dimensions colours features,Benches & Row Chairs,/admin/p/practika-mori-b-bench
CH-LT-195,NORDIC ROW CHAIR,Leather Chairs,features,Benches & Row Chairs,/admin/p/practika-nordic-row-chair
CH-LT-197,NUVO_ROW CHAIR,Leather Chairs,colours features,Benches & Row Chairs,/admin/p/practika-nuvo-row-chair
CH-LT-198,OK / H,Leather Chairs,colours,Office chair high back,/admin/p/perfect-ok-h
CH-LT-199,OK / M,Leather Chairs,colours,Office chair mid back,/admin/p/perfect-ok-m
CH-LT-200,ORTEGA_BENCH,Leather Chairs,colours features,Benches & Row Chairs,/admin/p/practika-ortega-bench
CH-LT-209,PD / C,Leather Chairs,colours,Office chair bent steel frame low back without armrests,/admin/p/perfect-pd-c
CH-LT-212,PD / LN,Leather Chairs,colours,Office chair low back without armrests,/admin/p/perfect-pd-ln
CH-LT-214,PENDULUM_BENCH,Leather Chairs,colours features,Benches & Row Chairs,/admin/p/practika-pendulum-bench
CH-LT-220,PM 1/C,Leather Chairs,features,เก้าอี้เอนกประสงค์ แบบ 4 ขา ไม่มีที่ท้าวแขน,/admin/p/mono-pm-1-c
CH-LT-223,PM 2/HT,Leather Chairs,features,"Waiting chair 2-seater with cup holder, centre",/admin/p/mono-pm-2-ht
CH-LT-224,PM 2/LT,Leather Chairs,features,เก้าอี้สำหรับนั่งพักคอย ขนาด 2 ที่นั่ง มีที่วางแก้วอยู่ข้างซ้ายมือ,/admin/p/mono-pm-2-lt
CH-LT-225,PM 2/RT,Leather Chairs,features,เก้าอี้สำหรับนั่งพักคอย ขนาด 2 ที่นั่ง มีที่วางแก้วอยู่ข้างขวา,/admin/p/mono-pm-2-rt
CH-LT-226,PM 3,Leather Chairs,features,Waiting chair 3-seater,/admin/p/mono-pm-3
CH-LT-227,PO 02,Leather Chairs,features,Waiting chair 2-seater,/admin/p/mono-po-02
CH-LT-228,PO 02/HT,Leather Chairs,features,เก้าอี้พักคอย ขนาด 2 ที่นั่ง ( ที่วางแก้วอยู่ตรงกลาง ),/admin/p/mono-po-02-ht
CH-LT-229,PO 02/RT,Leather Chairs,features,เก้าอี้พักคอย ขนาด 2 ที่นั่ง ( ที่วางแก้วอยู่ด้านขวามือ ),/admin/p/mono-po-02-rt
CH-LT-230,PO 03,Leather Chairs,features,Waiting chair 3-seater,/admin/p/mono-po-03
CH-LT-231,PO 03/HT,Leather Chairs,features,เก้าอี้พักคอย ขนาด 3 ที่นั่ง ( ที่วางแก้วอยู่ตรงกลาง ),/admin/p/mono-po-03-ht
CH-LT-232,PO 03/LT,Leather Chairs,features,เก้าอี้พักคอย ขนาด 3 ที่นั่ง ( ที่วางแก้วอยู่ด้านซ้ายมือ ),/admin/p/mono-po-03-lt
CH-LT-233,PO 03/RT,Leather Chairs,features,เก้าอี้พักคอย ขนาด 3 ที่นั่ง ( ที่วางแก้วอยู่ด้านขวามือ ),/admin/p/mono-po-03-rt
CH-LT-234,PO 04,Leather Chairs,features,Waiting chair 4-seater,/admin/p/mono-po-04
CH-LT-235,POCO OFFICE CHAIR,Leather Chairs,colours features,Office Chairs,/admin/p/practika-poco-office-chair
CH-LT-236,RL1/A,Leather Chairs,colours,Office chair mid back,/admin/p/perfect-rl1-a
CH-LT-237,RL1/C,Leather Chairs,colours,Office chair low back bent steel frame,/admin/p/perfect-rl1-c
CH-LT-238,RL1/H,Leather Chairs,colours,Office chair high back (head height),/admin/p/perfect-rl1-h
CH-LT-245,SAWARA_BENCH,Leather Chairs,colours features,Benches & Row Chairs,/admin/p/practika-sawara-bench
CH-LT-251,SOUFFLE_BENCH,Leather Chairs,dimensions colours features,Benches & Row Chairs,/admin/p/practika-souffle-bench
CH-LT-252,SPIRIT-E_BENCH,Leather Chairs,features,Benches & Row Chairs,/admin/p/practika-spirit-e-bench
CH-LT-254,SR 1 / AC,Leather Chairs,colours,Office chair low back without armrests,/admin/p/perfect-sr-1-ac
CH-LT-256,SR 1 / CC,Leather Chairs,colours,Office chair bent steel frame low back with armrests,/admin/p/perfect-sr-1-cc
CH-LT-258,SR 2 / AC,Leather Chairs,colours,Office chair low back with armrests,/admin/p/perfect-sr-2-ac
CH-LT-260,SR 3 / AC,Leather Chairs,colours,Office chair low back with armrests,/admin/p/perfect-sr-3-ac
CH-LT-262,SR 4 / AC,Leather Chairs,colours,Office chair high back with armrests,/admin/p/perfect-sr-4-ac
CH-LT-263,STEEL-4E OFFICE CHAIR,Leather Chairs,colours features,Office Chairs,/admin/p/practika-steel-4e-office-chair
CH-LT-264,STEEL-4 OFFICE CHAIR,Leather Chairs,colours features,Office Chairs,/admin/p/practika-steel-4-office-chair
CH-LT-265,STEEL-5E STACKING CHAIR,Leather Chairs,colours features,Stacking Chairs,/admin/p/practika-steel-5e-stacking-chair
CH-LT-283,UOB 2,Leather Chairs,features,เก้าอี้พักคอย ขนาด 2 ที่นั่ง เบาะนังหุ้มหนังเทียม,/admin/p/perfect-uob-2
CH-LT-284,UOB 2 / WHT,Leather Chairs,features,เก้าอี้พักคอย ขนาด 2 ที่นั่ง เบาะนังหุ้มหนังเทียมมีที่วางแก้วอยู่ตรงกลาง,/admin/p/perfect-uob-2-wht
CH-LT-285,UOB 2 / WTL,Leather Chairs,features,เก้าอี้พักคอย ขนาด 2 ที่นั่ง เบาะนังหุ้มหนังเทียมมีที่วางแก้วอยู่ด้านซ้ายมือ,/admin/p/perfect-uob-2-wtl
CH-LT-286,UOB 2 / WTR,Leather Chairs,features,เก้าอี้พักคอย ขนาด 2 ที่นั่ง เบาะนังหุ้มหนังเทียมมีที่วางแก้วอยู่ด้านขวามือ,/admin/p/perfect-uob-2-wtr
CH-LT-287,UOB 3,Leather Chairs,features,เก้าอี้พักคอย ขนาด 3 ที่นั่ง เบาะนังหุ้มหนังเทียม,/admin/p/perfect-uob-3
CH-LT-288,UOB 3 / WHT,Leather Chairs,features,เก้าอี้พักคอย ขนาด 3 ที่นั่ง เบาะนังหุ้มหนังเทียมมีที่วางแก้วอยู่ตรงกลาง,/admin/p/perfect-uob-3-wht
CH-LT-289,UOB 3 / WTL,Leather Chairs,features,เก้าอี้พักคอย ขนาด 3 ที่นั่ง เบาะนังหุ้มหนังเทียมมีที่วางแก้วอยู่ด้านซ้ายมือ,/admin/p/perfect-uob-3-wtl
CH-LT-290,UOB 3 / WTR,Leather Chairs,features,เก้าอี้พักคอย ขนาด 3 ที่นั่ง เบาะนังหุ้มหนังเทียมมีที่วางแก้วอยู่ด้านซ้ายมือ,/admin/p/perfect-uob-3-wtr
CH-LT-291,UOB 4,Leather Chairs,features,เก้าอี้พักคอย ขนาด 4 ที่นั่ง เบาะนั่งหุ้มหนังเทียม,/admin/p/perfect-uob-4
CH-LT-292,VIBORG CLASSROOM CHAIR,Leather Chairs,features,Classroom Chairs & Seating Pads,/admin/p/practika-viborg-classroom-chair
CH-LT-296,ZARA TRAINING CHAIR,Leather Chairs,features,Training Chairs & Auditorium Seats,/admin/p/practika-zara-training-chair
CH-MP-01,เก้าอี้เอนกประสงค์,Multipurpose Chairs,material colours,Multipurpose chair,/admin/p/nat-kaoi-enkpratng
CH-MP-02,เก้าอี้ฟังคำบรรยาย,Multipurpose Chairs,material colours,เก้าอี้ฟังคำบรรยาย,/admin/p/nat-kaoi-fang-khampayai
CH-MP-03,เก้าอี้แล็คเชอร์ขาเหล็กแบบมีพนักพิง,Multipurpose Chairs,dimensions material colours,เก้าอี้แล็คเชอร์ขาเหล็กแบบมีพนักพิง,/admin/p/nat-kaoi-laekchoe-kha-elk-baep-mi-phanakphing
CH-MP-04,เก้าอี้เลคเชอร์,Multipurpose Chairs,dimensions material colours,เก้าอี้เลคเชอร์,/admin/p/nat-kaoi-lekchoe
CH-MP-05,เก้าอี้อเนกประสงค์ พร้อมไม้เลคเชอร์,Multipurpose Chairs,material colours,เก้าอี้อเนกประสงค์ พร้อมไม้เลคเชอร์,/admin/p/nat-kaoi-nekpratng-phrom-mai-lekchoe
CH-MP-06,เก้าอี้ห้องประชุม,Multipurpose Chairs,dimensions material,เก้าอี้ห้องประชุม,/admin/p/nat-kaoi-ongprachum
CH-MP-07,เก้าอี้ประชุม,Multipurpose Chairs,material,เก้าอี้ประชุม,/admin/p/nat-kaoi-prachum-3
CH-MP-08,เก้าอี้ประชุมห้องรับรอง,Multipurpose Chairs,material,เก้าอี้ประชุมห้องรับรอง,/admin/p/nat-kaoi-prachum-ong-raprong
CH-MP-09,เก้าอี้ประชุมประธาน,Multipurpose Chairs,material,เก้าอี้ประชุมประธาน,/admin/p/nat-kaoi-prachum-prathan
CH-MP-10,เก้าอี้ประชุมประธาน,Multipurpose Chairs,material colours,เก้าอี้ประชุมประธาน,/admin/p/nat-kaoi-prachum-prathan-2
CH-MP-11,เก้าอี้ประชุมทั่วไป,Multipurpose Chairs,dimensions material colours,เก้าอี้ประชุมทั่วไป,/admin/p/nat-kaoi-prachum-thuapai
CH-MP-12,เก้าอี้ประชุมทั่วไป,Multipurpose Chairs,material colours,เก้าอี้ประชุมทั่วไป,/admin/p/nat-kaoi-prachum-thuapai-2
CH-MP-13,เก้าอี้สนาม,Multipurpose Chairs,dimensions material colours,เก้าอี้สนาม,/admin/p/nat-kaoitnam
CH-MP-14,เก้าอี้พักคอย 2 ที่นั่ง,Multipurpose Chairs,material colours,Waiting chair 2-seater,/admin/p/nat-kaoi-phak-khoi-2-thinang
CH-MP-15,เก้าอี้พักคอย 3,Multipurpose Chairs,material,Waiting chair 3,/admin/p/nat-kaoi-phak-khoi-3
CH-MP-16,เก้าอี้ห้องเรียนรวม 300 ที่นั่ง,Multipurpose Chairs,material,เก้าอี้ห้องเรียนรวม 300 ที่นั่ง,/admin/p/nat-kaoi-ongrian-ruam-300-thinang
CH-MP-17,"เก้าอี้ห้องประชุม 5,000 ที่นั่ง",Multipurpose Chairs,material colours,"เก้าอี้ห้องประชุม 5,000 ที่นั่ง",/admin/p/nat-kaoi-ongprachum-5-000-thinang
CH-MP-18,ALADIN SEATING PAD,Multipurpose Chairs,dimensions colours features,Classroom Chairs & Seating Pads,/admin/p/practika-aladin-seating-pad
CH-MP-19,AUDITORIUM 5,Multipurpose Chairs,colours features,Training Chairs & Auditorium Seats,/admin/p/practika-auditorium-5
CH-MP-20,AUDITORIUM 7,Multipurpose Chairs,colours features,Training Chairs & Auditorium Seats,/admin/p/practika-auditorium-7
CH-MP-21,B3,Multipurpose Chairs,material colours features,เก้าอี้พักคอยรับแขกแขนปรับไม่ได้,/admin/p/nat-b3-4
CH-MP-22,BARB PRIMARY CLASSROOM CHAIR,Multipurpose Chairs,colours features,Classroom Chairs & Seating Pads,/admin/p/practika-barb-primary-classroom-chair
CH-MP-23,BLOOMBERG_BENCH,Multipurpose Chairs,colours features,Benches & Row Chairs,/admin/p/practika-bloomberg-bench
CH-MP-24,BOROS_BENCH,Multipurpose Chairs,colours features,Benches & Row Chairs,/admin/p/practika-boros-bench
CH-MP-25,BRINDLEY STACKING CHAIR,Multipurpose Chairs,colours features,Stacking Chairs,/admin/p/practika-brindley-stacking-chair
CH-MP-26,BUNCH CLASSROOM CHAIR,Multipurpose Chairs,features,Classroom Chairs & Seating Pads,/admin/p/practika-bunch-classroom-chair
CH-MP-27,C-04,Multipurpose Chairs,material colours features,เก้าอี้เอนกประสงค์ 1 ที่นั่ง ขาโครม,/admin/p/nat-c-04-2
CH-MP-28,C-06,Multipurpose Chairs,material colours,Lecture chair,/admin/p/nat-c-06
CH-MP-29,C1,Multipurpose Chairs,material,เก้าอี้สำหรับผู้ร่วมประชุมชนิดเบาะหลังสูง,/admin/p/nat-c1-12
CH-MP-30,C1,Multipurpose Chairs,material,เก้าอี้ออดิทอเรียม C1,/admin/p/nat-c1-4
CH-MP-31,C-104L,Multipurpose Chairs,material,เก้าอี้เลคเชอร์,/admin/p/nat-c-104l
CH-MP-32,C-106L,Multipurpose Chairs,material colours features,เก้าอี้จัดเลี้ยง C-106L,/admin/p/nat-c-106l
CH-MP-33,C-13,Multipurpose Chairs,material,เก้าอี้แถวTW3 ขาสีดำ,/admin/p/nat-c-13
CH-MP-34,C-15,Multipurpose Chairs,dimensions material colours,เก้าอี้แถว 4 ที่นั่ง ขาขาว สี VWA,/admin/p/nat-c-15
CH-MP-35,C-16,Multipurpose Chairs,material colours,เก้าอี้สัมมนา+ที่รองเขียนTREND,/admin/p/nat-c-16
CH-MP-36,C-17,Multipurpose Chairs,material colours,เก้าอี้อัฒจันทร์,/admin/p/nat-c-17
CH-MP-37,C2,Multipurpose Chairs,material,Lecture chair C2,/admin/p/nat-c2
CH-MP-38,C-3,Multipurpose Chairs,material,Lecture chair C3 3-seater,/admin/p/nat-c-3
CH-MP-39,C3,Multipurpose Chairs,material,Lecture chair C3 2-seater,/admin/p/nat-c3-3
CH-MP-40,C3,Multipurpose Chairs,material colours,Chair steel,/admin/p/nat-c3-9
CH-MP-41,C3-1,Multipurpose Chairs,material,เก้าอี้ประธานห้องประชุม,/admin/p/nat-c3-1
CH-MP-42,เก้าอี้แลคเชอร์ C3 แบบ 2 ที่นั่ง,Multipurpose Chairs,material,Lecture chair C3 2-seater,/admin/p/nat-kaoi-lae-khachoe-c-3-baep-2-thinang
CH-MP-43,เก้าอี้แลคเชอร์ C3 แบบ 3 ที่นั่ง,Multipurpose Chairs,material,Lecture chair C3 3-seater,/admin/p/nat-kaoi-lae-khachoe-c-3-baep-3-thinang
CH-MP-44,C4,Multipurpose Chairs,material colours,เก้าอี้อเนกประสงค์ห้องฝึกอบรม,/admin/p/nat-c4-8
CH-MP-45,C4,Multipurpose Chairs,dimensions material colours,เก้าอี้แถวขาตาย 3 ช่วง,/admin/p/nat-c4-9
CH-MP-46,C4-1,Multipurpose Chairs,material colours,เก้าอี้ห้องประชุม,/admin/p/nat-c4-1
CH-MP-47,C5,Multipurpose Chairs,material colours,Waiting chair,/admin/p/nat-c5-3
CH-MP-48,C5,Multipurpose Chairs,material colours,Waiting chair,/admin/p/nat-c5-4
CH-MP-49,C8,Multipurpose Chairs,material colours,Lecture chair,/admin/p/nat-c8
CH-MP-50,C8,Multipurpose Chairs,dimensions material colours,เก้าอี้รับแขกไฟเบอร์ ชนิด 3 ช่วง,/admin/p/nat-c8-3
CH-MP-51,CA-23C,Multipurpose Chairs,material colours,เก้าอี้ประชุม,/admin/p/nat-ca-23c
CH-MP-52,CA31B,Multipurpose Chairs,material colours,เก้าอี้ประชุม,/admin/p/nat-ca31b
CH-MP-53,CH-01,Multipurpose Chairs,material colours,เก้าอี้ห้องประชุมสำหรับประธาน,/admin/p/nat-ch-01-4
CH-MP-54,CH-01,Multipurpose Chairs,material,Waiting chair 4-seater,/admin/p/nat-ch-01-5
CH-MP-55,CH-02,Multipurpose Chairs,material colours,เก้าอี้ห้องประชุมพนักพิงกลาง,/admin/p/nat-ch-02-2
CH-MP-56,CH-02,Multipurpose Chairs,material,Waiting chair 2-seater,/admin/p/nat-ch-02-4
CH-MP-57,CH -02 เก้าอี้พักคอย 3 ที่นั่ง,Multipurpose Chairs,material features,CH -02 waiting chair 3-seater,/admin/p/nat-ch-02-kaoi-phak-khoi-3-thinang
CH-MP-58,CH12,Multipurpose Chairs,material,Waiting chair 4-seater,/admin/p/nat-ch12
CH-MP-59,CH-15,Multipurpose Chairs,material colours,Lecture chair,/admin/p/nat-ch-15
CH-MP-60,CH-2,Multipurpose Chairs,material colours,เก้าอี้พนักพิงเตี้ย (รับแขก+ผู้มาติดต่อ),/admin/p/nat-ch-2-3
CH-MP-61,CH2,Multipurpose Chairs,material colours,CH2,/admin/p/nat-ch2
CH-MP-62,CH3,Multipurpose Chairs,material colours,เก้าอี้รับแขกและประชุมในห้องนายก อบจ.,/admin/p/nat-ch3
CH-MP-63,CH3,Multipurpose Chairs,material,เก้าอี้เอนกประสงค์พับเก็บได้,/admin/p/nat-ch3-2
CH-MP-64,CH-4,Multipurpose Chairs,material colours,เก้าอี้นั่งประชุม ขนาดเล็ก,/admin/p/nat-ch-4
CH-MP-65,CH-4,Multipurpose Chairs,material colours,Multipurpose chair,/admin/p/nat-ch-4-5
CH-MP-66,CH4,Multipurpose Chairs,material colours,CH 4,/admin/p/nat-ch4-5
CH-MP-67,CH-5,Multipurpose Chairs,material colours,เก้าอี้ห้องประชุม,/admin/p/nat-ch-5
CH-MP-68,CH-5,Multipurpose Chairs,material colours,เก้าอี้ประธานนั่งประชุม ขนาดเล็ก,/admin/p/nat-ch-5-3
CH-MP-69,CH5,Multipurpose Chairs,material colours,เก้าอี้รับแขกและประชุมในห้องรองนายก อบจ.,/admin/p/nat-ch5
CH-MP-70,CH5,Multipurpose Chairs,material colours,เก้าอี้แถว 4 ที่นั่ง,/admin/p/nat-ch5-4
CH-MP-71,CH7,Multipurpose Chairs,material colours,เก้าอี้ห้องเรียนรู้ภาษา2ที่นั่ง,/admin/p/nat-ch7-4
CH-MP-72,CH7,Multipurpose Chairs,material colours,เก้าอี้ห้องเรียนรู้ภาษา 3 ที่นั่ง,/admin/p/nat-ch7-5
CH-MP-73,คุณลักษณะเก้าอี้รุ่น CLF - 813,Multipurpose Chairs,material colours,คุณลักษณะเก้าอี้รุ่น CLF - 813,/admin/p/nat-khunlaktna-kaoi-run-clf-813
CH-MP-74,CP-02LC,Multipurpose Chairs,material colours,Lecture chair,/admin/p/nat-cp-02lc
CH-MP-75,CP-03LC,Multipurpose Chairs,dimensions material colours,คุณลักษณะเก้าอี้รุ่น CP-03LC,/admin/p/nat-cp-03lc
CH-MP-76,CP-203,Multipurpose Chairs,dimensions material colours,เก้าอี้รุ่น CP-203,/admin/p/nat-cp-203
CH-MP-77,CP-204,Multipurpose Chairs,dimensions material colours,คุณลักษณะเก้าอี้รุ่น CP-204,/admin/p/nat-cp-204
CH-MP-78,CPA603,Multipurpose Chairs,material colours,เก้าอี้แถว 3 ที่นั่ง CPA-603,/admin/p/nat-cpa603
CH-MP-79,CPA604,Multipurpose Chairs,material colours,เก้าอี้พักคอย 4 ที่นั่ง รุ่นCPA-604,/admin/p/nat-cpa604
CH-MP-80,CPS-22,Multipurpose Chairs,dimensions material colours,เก้าอี้เอนกประสงค์มีเลคเชอร์ CPS – 22L,/admin/p/nat-cps-22
CH-MP-81,CR1,Multipurpose Chairs,material colours,เก้าอี้พักคอยแสตนเลสแบบ 3 ที่นั่ง,/admin/p/nat-cr1
CH-MP-82,CR2,Multipurpose Chairs,material colours,เก้าอี้พักคอยแสตนเลสแบบ 4 ที่นั่ง,/admin/p/nat-cr2
CH-MP-83,CU-901VL,Multipurpose Chairs,material colours,เก้าอี้ห้องประชุมติดตั้งถาวร แบบ CU-901VL แผ่นแลคเชอร์พับเก็บซ่อนในท้าวแขน,/admin/p/nat-cu-901vl
CH-MP-84,D01,Multipurpose Chairs,material colours,Waiting chair 3-seater,/admin/p/nat-d01
CH-MP-85,D11,Multipurpose Chairs,material colours,ม้านั่ง,/admin/p/nat-d11
CH-MP-86,DUOBLOCK STACKING CHAIR,Multipurpose Chairs,material features,Stacking Chairs,/admin/p/practika-duoblock-stacking-chair
CH-MP-87,F-2,Multipurpose Chairs,material colours,ม้านั่ง,/admin/p/nat-f-2-4
CH-MP-88,F21,Multipurpose Chairs,material colours,เก้าอี้ประชุม ขาเหล็ก,/admin/p/nat-f21
CH-MP-89,F21,Multipurpose Chairs,material colours,ชุดเก้าอี้แถวพักคอย,/admin/p/nat-f21-2
CH-MP-90,F-26,Multipurpose Chairs,dimensions material,เก้าอี้แถวอเนกประสงค์,/admin/p/nat-f-26
CH-MP-91,F3,Multipurpose Chairs,material colours,เก้าอี้ออดิทอเรี่ยม แบบ ARM CHAIR,/admin/p/nat-f3-3
CH-MP-92,F4,Multipurpose Chairs,material colours,เก้าอี้ผู้ร่วมประชุม,/admin/p/nat-f4-2
CH-MP-93,FF-1,Multipurpose Chairs,material colours,เก้าอี้แถว 4 ที่นั่ง,/admin/p/nat-ff-1
CH-MP-94,FF-2,Multipurpose Chairs,material colours,เก้าอี้แถว 2 ที่นั่ง,/admin/p/nat-ff-2
CH-MP-98,FG 2,Multipurpose Chairs,colours features,Waiting chair 2-seater,/admin/p/perfect-fg-2
CH-MP-99,FG 2 / HT,Multipurpose Chairs,features,"Waiting chair 2-seater with cup holder, centre",/admin/p/perfect-fg-2-ht
CH-MP-100,FG 2 / LT,Multipurpose Chairs,features,"Waiting chair 2-seater with cup holder, left",/admin/p/perfect-fg-2-lt
CH-MP-101,FG 2 / RT,Multipurpose Chairs,features,"Waiting chair 2-seater with cup holder, right",/admin/p/perfect-fg-2-rt
CH-MP-102,FG 3,Multipurpose Chairs,colours features,Waiting chair 3-seater,/admin/p/perfect-fg-3
CH-MP-103,FG 3 / HT,Multipurpose Chairs,features,"Waiting chair 3-seater with cup holder, centre",/admin/p/perfect-fg-3-ht
CH-MP-104,FG 3 / LT,Multipurpose Chairs,features,"Waiting chair 3-seater with cup holder, left",/admin/p/perfect-fg-3-lt
CH-MP-105,FG 3 / RT,Multipurpose Chairs,features,"Waiting chair 3-seater with cup holder, right",/admin/p/perfect-fg-3-rt
CH-MP-106,FG 4,Multipurpose Chairs,colours features,Waiting chair 5-seater,/admin/p/perfect-fg-4
CH-MP-107,FG 4 / HT,Multipurpose Chairs,features,"Waiting chair 4-seater with cup holder, centre",/admin/p/perfect-fg-4-ht
CH-MP-108,FG 4 / LT,Multipurpose Chairs,features,"Waiting chair 4-seater with cup holder, left",/admin/p/perfect-fg-4-lt
CH-MP-109,FG 4 / RT,Multipurpose Chairs,features,"Waiting chair 4-seater with cup holder, right",/admin/p/perfect-fg-4-rt
CH-MP-110,FG 5,Multipurpose Chairs,features,Waiting chair 5-seater,/admin/p/perfect-fg-5
CH-MP-111,FOSTER ( FOT 01 ),Multipurpose Chairs,colours,เก้าอี้เอนกประสงค์ (วางซ้อนเก็บกันไดหลายตัว),/admin/p/mono-foster-fot-01
CH-MP-112,FOSTER ( FOT 02),Multipurpose Chairs,features,Waiting chair 2-seater,/admin/p/mono-foster-fot-02
CH-MP-113,FOSTER ( FOT 02 /HT),Multipurpose Chairs,features,"Waiting chair 2-seater (with cup holder, centre)",/admin/p/mono-foster-fot-02-ht
CH-MP-114,FOSTER ( FOT 02 /LT),Multipurpose Chairs,features,"Waiting chair 2-seater (with cup holder, left)",/admin/p/mono-foster-fot-02-lt
CH-MP-115,FOSTER ( FOT 02 /RT),Multipurpose Chairs,features,"Waiting chair 2-seater (with cup holder, right)",/admin/p/mono-foster-fot-02-rt
CH-MP-116,FOSTER ( FOT 03),Multipurpose Chairs,features,Waiting chair 3-seater,/admin/p/mono-foster-fot-03
CH-MP-118,FOSTER ( FOT 04),Multipurpose Chairs,features,Waiting chair 4-seater,/admin/p/mono-foster-fot-04
CH-MP-123,GD 01 /N,Multipurpose Chairs,colours,เก้าอี้เอนกประสงค์ ไม่มีท้าวแขน (วางซ้อนกันไดหลายตัว),/admin/p/mono-gd-01-n
CH-MP-124,GDM 02,Multipurpose Chairs,features,Waiting chair 3-seater,/admin/p/mono-gdm-02
CH-MP-125,GDM 02/HT,Multipurpose Chairs,features,เก้าอี้พักคอย ขนาด 2 ที่นั่ง ที่วางแก้วอยู่ด้านตรงกลาง,/admin/p/mono-gdm-02-ht
CH-MP-127,GDM 02/LT,Multipurpose Chairs,features,เก้าอี้พักคอย ขนาด 2 ที่นั่ง ที่วางแก้วอยู่ด้านซ้ายมือ,/admin/p/mono-gdm-02-lt
CH-MP-128,GDM 02/RT,Multipurpose Chairs,features,เก้าอี้พักคอย ขนาด 2 ที่นั่ง ที่วางแก้วอยู่ด้านขวามือ,/admin/p/mono-gdm-02-rt
CH-MP-129,GDM 03,Multipurpose Chairs,features,Waiting chair 3-seater,/admin/p/mono-gdm-03
CH-MP-130,GDM 03/HT,Multipurpose Chairs,features,"Waiting chair 3-seater with cup holder, centre",/admin/p/mono-gdm-03-ht
CH-MP-132,GDM 03/LT,Multipurpose Chairs,features,"Waiting chair 3-seater with cup holder, left",/admin/p/mono-gdm-03-lt
CH-MP-133,GDM 03/RT,Multipurpose Chairs,features,"Waiting chair 3-seater with cup holder, right",/admin/p/mono-gdm-03-rt
CH-MP-134,GDM 04,Multipurpose Chairs,features,Waiting chair 4-seater,/admin/p/mono-gdm-04
CH-MP-135,GDM 04/HT,Multipurpose Chairs,features,"Waiting chair 5-seater with cup holder, centre",/admin/p/mono-gdm-04-ht
CH-MP-137,GDM 04/LT,Multipurpose Chairs,features,"Waiting chair 5-seater with cup holder, left",/admin/p/mono-gdm-04-lt
CH-MP-138,GDM 04/RT,Multipurpose Chairs,features,"Waiting chair 5-seater with cup holder, right",/admin/p/mono-gdm-04-rt
CH-MP-140,HB-01/LP,Multipurpose Chairs,colours,เก้าอี้เอนกประสงค์ แบบมีแผ่นเลคเชอร์,/admin/p/perfect-hb-01-lp
CH-MP-141,HB-01/P,Multipurpose Chairs,colours features,Multipurpose chair without armrests,/admin/p/perfect-hb-01-p
CH-MP-142,HBW-02P,Multipurpose Chairs,features,Waiting chair 2-seater,/admin/p/perfect-hbw-02p
CH-MP-143,HBW-02P/HT,Multipurpose Chairs,features,"Waiting chair 2-seater with cup holder, centre",/admin/p/perfect-hbw-02p-ht
CH-MP-144,HBW-02P/LT,Multipurpose Chairs,features,"Waiting chair 2-seater with cup holder, left",/admin/p/perfect-hbw-02p-lt
CH-MP-145,HBW-02P/RT,Multipurpose Chairs,features,"Waiting chair 2-seater with cup holder, right",/admin/p/perfect-hbw-02p-rt
CH-MP-146,HBW-03P,Multipurpose Chairs,features,Waiting chair 3-seater,/admin/p/perfect-hbw-03p
CH-MP-147,HBW-03P/HT,Multipurpose Chairs,features,"Waiting chair 3-seater with cup holder, centre",/admin/p/perfect-hbw-03p-ht
CH-MP-148,HBW-03P/LT,Multipurpose Chairs,features,"Waiting chair 3-seater with cup holder, left",/admin/p/perfect-hbw-03p-lt
CH-MP-149,HBW-03P/RT,Multipurpose Chairs,features,"Waiting chair 3-seater with cup holder, right",/admin/p/perfect-hbw-03p-rt
CH-MP-150,HBW-04P,Multipurpose Chairs,features,Waiting chair 4-seater,/admin/p/perfect-hbw-04p
CH-MP-152,KIRK_ROW CHAIR,Multipurpose Chairs,colours features,Benches & Row Chairs,/admin/p/practika-kirk-row-chair
CH-MP-153,KIRK STACKING CHAIR,Multipurpose Chairs,dimensions features,Stacking Chairs,/admin/p/practika-kirk-stacking-chair
CH-MP-154,LA SEATE_BENCH,Multipurpose Chairs,colours features,Benches & Row Chairs,/admin/p/practika-la-seate-bench
CH-MP-155,LF-01,Multipurpose Chairs,material,Waiting chair 2,/admin/p/nat-lf-01-2
CH-MP-156,LF-02,Multipurpose Chairs,material colours,LF-03 waiting chair,/admin/p/nat-lf-02-4
CH-MP-157,LF-03,Multipurpose Chairs,material,Waiting chair 1,/admin/p/nat-lf-03-4
CH-MP-158,LF-213,Multipurpose Chairs,material colours,Waiting chair 5-seater,/admin/p/nat-lf-213
CH-MP-159,LF-221,Multipurpose Chairs,material colours,เก้าอี้เลคเชอร์,/admin/p/nat-lf-221
CH-MP-160,LLOYD SECONDARY CLASSROOM CHAIR,Multipurpose Chairs,dimensions colours features,Classroom Chairs & Seating Pads,/admin/p/practika-lloyd-secondary-classroom-chair
CH-MP-161,MONSTER STORAGE FOR CUSHY SEATING PAD,Multipurpose Chairs,dimensions colours features,Classroom Chairs & Seating Pads,/admin/p/practika-monster-storage-for-cushy-seating-pad
CH-MP-162,NC-102,Multipurpose Chairs,dimensions material,เก้าอี้สำหรับโต๊ะเอนกประสงค์,/admin/p/nat-nc-102
CH-MP-163,NT-083,Multipurpose Chairs,dimensions material colours,เก้าอี้เอนกประสงค์มีเลคเชอร์ NT – 083,/admin/p/nat-nt-083
CH-MP-164,PC4,Multipurpose Chairs,dimensions material colours,เก้าอี้แถวกลม 3 ที่นั่ง,/admin/p/nat-pc4
CH-MP-165,PC4,Multipurpose Chairs,material colours,Waiting chair 3-seater,/admin/p/nat-pc4-2
CH-MP-167,S3,Multipurpose Chairs,material colours,Waiting chair 3-seater with armrests,/admin/p/nat-s3-2
CH-MP-168,SNAIL PRESCHOOL CLASSROOM CHAIR,Multipurpose Chairs,dimensions colours features,Classroom Chairs & Seating Pads,/admin/p/practika-snail-preschool-classroom-chair
CH-MP-169,TATAMI_BENCH,Multipurpose Chairs,dimensions colours features,Benches & Row Chairs,/admin/p/practika-tatami-bench
CH-MP-170,TOWER STORAGE FOR CUSHY SEATING PAD,Multipurpose Chairs,dimensions colours features,Classroom Chairs & Seating Pads,/admin/p/practika-tower-storage-for-cushy-seating-pad
CH-MP-171,TRIAD,Multipurpose Chairs,dimensions features,Benches & Row Chairs,/admin/p/practika-triad
CH-MP-172,WAAL SECONDARY CLASSROOM CHAIR,Multipurpose Chairs,features,Classroom Chairs & Seating Pads,/admin/p/practika-waal-secondary-classroom-chair
CH-MP-173,YOYO STACKING CHAIR,Multipurpose Chairs,dimensions features,Stacking Chairs,/admin/p/practika-yoyo-stacking-chair
CH-MW-01,เก้าอี้แบบล้อเลื่อน,Multipurpose Chairs with Wheels,material colours,เก้าอี้แบบล้อเลื่อน,/admin/p/nat-kaoi-baep-loluean
CH-MW-02,เก้าอี้เจ้าหน้าที่,Multipurpose Chairs with Wheels,material colours,เก้าอี้เจ้าหน้าที่,/admin/p/nat-kaoi-chaonathi
CH-MW-03,เก้าอี้แขกหัวหน้า,Multipurpose Chairs with Wheels,dimensions material colours,เก้าอี้แขกหัวหน้า,/admin/p/nat-kaoi-khaek-uana
CH-MW-04,เก้าอี้หน้าโต๊ะ ผอ.กอง,Multipurpose Chairs with Wheels,material features,เก้าอี้หน้าโต๊ะ ผอ.กอง,/admin/p/nat-kaoi-na-to-pho-kong
CH-MW-05,เก้าอี้ห้องควบคุม,Multipurpose Chairs with Wheels,material,เก้าอี้ห้องควบคุม,/admin/p/nat-kaoi-ong-khuapkhum
CH-MW-06,เก้าอี้ปฏิบัติการ,Multipurpose Chairs with Wheels,dimensions material colours,เก้าอี้ปฏิบัติการ,/admin/p/nat-kaoi-patibatikan
CH-MW-07,เก้าอี้ปฏิบัติการ (นักเรียน),Multipurpose Chairs with Wheels,material colours,เก้าอี้ปฏิบัติการ (นักเรียน),/admin/p/nat-kaoi-patibatikan-nakrian
CH-MW-08,เก้าอี้พนักพิงสูง,Multipurpose Chairs with Wheels,material colours,Chair high back,/admin/p/nat-kaoi-phanakphing-sung
CH-MW-09,เก้าอี้ พนักพิงเตี้ย,Multipurpose Chairs with Wheels,material colours,Chair low back,/admin/p/nat-kaoi-phanakphing-tia
CH-MW-10,เก้าอี้ประชุม,Multipurpose Chairs with Wheels,dimensions material colours,เก้าอี้ประชุม,/admin/p/nat-kaoi-prachum
CH-MW-11,เก้าอี้ประชุม,Multipurpose Chairs with Wheels,material,เก้าอี้ประชุม,/admin/p/nat-kaoi-prachum-2
CH-MW-12,เก้าอี้ประธาน,Multipurpose Chairs with Wheels,material colours,เก้าอี้ประธาน,/admin/p/nat-kaoi-prathan
CH-MW-13,เก้าอี้ประธานนั่งประชุม,Multipurpose Chairs with Wheels,material colours,เก้าอี้ประธานนั่งประชุม,/admin/p/nat-kaoi-prathan-nang-prachum
CH-MW-14,เก้าอี้รองประธาน,Multipurpose Chairs with Wheels,material colours,เก้าอี้รองประธาน,/admin/p/nat-kaoi-rongprathan
CH-MW-15,เก้าอี้สำนักงาน,Multipurpose Chairs with Wheels,material colours,Office chair,/admin/p/nat-kaoi-samnakngan
CH-MW-16,เก้าอี้สำนักงาน,Multipurpose Chairs with Wheels,material colours features,Office chair,/admin/p/nat-kaoi-samnakngan-2
CH-MW-17,เก้าอี้สำนักงาน,Multipurpose Chairs with Wheels,material colours,Office chair,/admin/p/nat-kaoi-samnakngan-3
CH-MW-18,เก้าอี้ทำงาน,Multipurpose Chairs with Wheels,material colours,Task chair,/admin/p/nat-kaoi-thamngan
CH-MW-19,เก้าอี้ทำงาน,Multipurpose Chairs with Wheels,dimensions material colours,Task chair,/admin/p/nat-kaoi-thamngan-2
CH-MW-20,เก้าอี้ทำงานเลขานุการ,Multipurpose Chairs with Wheels,dimensions material colours,เก้าอี้ทำงานเลขานุการ,/admin/p/nat-kaoi-thamngan-lekhanukan
CH-MW-21,เก้าอี้ทำงานพนักพิงกลาง,Multipurpose Chairs with Wheels,material features,Task chair mid back,/admin/p/nat-kaoi-thamngan-phanakphing-klang
CH-MW-22,เก้าอี้ทำงานพนักพิงเตี้ย,Multipurpose Chairs with Wheels,material features,Task chair low back,/admin/p/nat-kaoi-thamngan-phanakphing-tia
CH-MW-23,เก้าอี้ทำงานระดับ ผอ.กอง,Multipurpose Chairs with Wheels,material features,เก้าอี้ทำงานระดับ ผอ.กอง,/admin/p/nat-kaoi-thamngan-radap-pho-kong
CH-MW-24,เก้าอี้ทำงานทั่วไป,Multipurpose Chairs with Wheels,material features,เก้าอี้ทำงานทั่วไป,/admin/p/nat-kaoi-thamngan-thuapai
CH-MW-25,เก้าอี้ทำงานหัวหน้า,Multipurpose Chairs with Wheels,dimensions material colours,เก้าอี้ทำงานหัวหน้า,/admin/p/nat-kaoi-thamngan-uana
CH-MW-26,เก้าอี้นั่งประชุม,Multipurpose Chairs with Wheels,material colours,เก้าอี้นั่งประชุม,/admin/p/nat-kaoinang-prachum
CH-MW-27,คุณลักษณะเฉพาะ,Multipurpose Chairs with Wheels,material colours features,คุณลักษณะเฉพาะ,/admin/p/nat-khun-laktnachepha-2
CH-MW-28,AR1021,Multipurpose Chairs with Wheels,material colours features,เก้าอี้สำนักงาน,/admin/p/thaitaiyo-ar1021
CH-MW-29,AR1021X,Multipurpose Chairs with Wheels,material colours features,เก้าอี้สำนักงาน,/admin/p/thaitaiyo-ar1021x
CH-MW-30,AR1030,Multipurpose Chairs with Wheels,material colours features,เก้าอี้สำนักงาน,/admin/p/thaitaiyo-ar1030
CH-MW-31,AR1031,Multipurpose Chairs with Wheels,material colours features,เก้าอี้สำนักงาน,/admin/p/thaitaiyo-ar1031
CH-MW-32,AR1031X,Multipurpose Chairs with Wheels,material colours features,เก้าอี้สำนักงาน,/admin/p/thaitaiyo-ar1031x
CH-MW-33,AR1040,Multipurpose Chairs with Wheels,material colours features,เก้าอี้สำนักงาน,/admin/p/thaitaiyo-ar1040
CH-MW-34,AR2021,Multipurpose Chairs with Wheels,material colours features,เก้าอี้สำนักงาน,/admin/p/thaitaiyo-ar2021
CH-MW-35,AR2021X,Multipurpose Chairs with Wheels,material colours features,เก้าอี้สำนักงาน,/admin/p/thaitaiyo-ar2021x
CH-MW-36,AR2030,Multipurpose Chairs with Wheels,material colours features,เก้าอี้สำนักงาน,/admin/p/thaitaiyo-ar2030
CH-MW-37,AR2031,Multipurpose Chairs with Wheels,material colours features,เก้าอี้สำนักงาน,/admin/p/thaitaiyo-ar2031
CH-MW-38,AR2031X,Multipurpose Chairs with Wheels,material colours features,เก้าอี้สำนักงาน,/admin/p/thaitaiyo-ar2031x
CH-MW-39,B1,Multipurpose Chairs with Wheels,material colours,Task chair high back,/admin/p/nat-b1
CH-MW-40,B1,Multipurpose Chairs with Wheels,dimensions material colours,Task chair high back,/admin/p/nat-b1-2
CH-MW-41,B2,Multipurpose Chairs with Wheels,dimensions material colours,Task chair with armrests high back,/admin/p/nat-b2-2
CH-MW-42,B3,Multipurpose Chairs with Wheels,material colours,Task chair mid back,/admin/p/nat-b3-3
CH-MW-43,BB3P-1,Multipurpose Chairs with Wheels,material colours features,เก้าอี้สำนักงาน,/admin/p/thaitaiyo-bb3p-1
CH-MW-44,BB3P-2,Multipurpose Chairs with Wheels,material colours features,เก้าอี้สำนักงาน,/admin/p/thaitaiyo-bb3p-2
CH-MW-45,BB4B,Multipurpose Chairs with Wheels,material colours features,เก้าอ้ำนักงานมีเท้าแขน,/admin/p/thaitaiyo-bb4b
CH-MW-46,BB5B,Multipurpose Chairs with Wheels,material colours features,เก้าอี้สำนักงาน,/admin/p/thaitaiyo-bb5b
CH-MW-47,BRANSON ERGONOMIC CHAIR,Multipurpose Chairs with Wheels,features,Office Chairs,/admin/p/practika-branson-ergonomic-chair
CH-MW-48,C-04,Multipurpose Chairs with Wheels,material colours features,เก้าอี้สำนักงานทรงเตี้ย,/admin/p/nat-c-04
CH-MW-49,C-05,Multipurpose Chairs with Wheels,material colours features,เก้าอี้อเนกประสงค์ co-working,/admin/p/nat-c-05
CH-MW-50,C1,Multipurpose Chairs with Wheels,dimensions material,Chair with armrests high back,/admin/p/nat-c1-10
CH-MW-51,C1,Multipurpose Chairs with Wheels,material,Chair steel,/admin/p/nat-c1-11
CH-MW-52,C1,Multipurpose Chairs with Wheels,material colours,Chair high back,/admin/p/nat-c1-13
CH-MW-53,C1,Multipurpose Chairs with Wheels,dimensions material colours,Task chair with armrests high back,/admin/p/nat-c1-5
CH-MW-54,C1,Multipurpose Chairs with Wheels,dimensions material colours,Chair mobile,/admin/p/nat-c1-7
CH-MW-55,C1,Multipurpose Chairs with Wheels,material features,Chair,/admin/p/nat-c1-8
CH-MW-56,C1,Multipurpose Chairs with Wheels,material,เก้าอี้หน้าโต๊ะ ผอ.,/admin/p/nat-c1-9
CH-MW-57,C-102,Multipurpose Chairs with Wheels,material colours features,เก้าอี้สำนักงาน,/admin/p/thaitaiyo-c-102
CH-MW-58,C-103,Multipurpose Chairs with Wheels,material colours features,เก้าอี้สำนักงาน,/admin/p/thaitaiyo-c-103
CH-MW-59,C104,Multipurpose Chairs with Wheels,material colours features,เก้าอี้สำนักงาน,/admin/p/thaitaiyo-c104
CH-MW-60,C-106,Multipurpose Chairs with Wheels,material colours features,เก้าอี้สำนักงาน,/admin/p/thaitaiyo-c-106
CH-MW-61,C-106L,Multipurpose Chairs with Wheels,material colours features,เก้าอี้สำนักงาน,/admin/p/thaitaiyo-c-106l
CH-MW-62,C2,Multipurpose Chairs with Wheels,dimensions material colours,Task chair with armrests mid back,/admin/p/nat-c2-2
CH-MW-63,C2,Multipurpose Chairs with Wheels,dimensions material colours,เก้าอี้ล้อเลื่อนพนักพิงสูง,/admin/p/nat-c2-3
CH-MW-64,C2,Multipurpose Chairs with Wheels,material,Chair,/admin/p/nat-c2-4
CH-MW-65,C2,Multipurpose Chairs with Wheels,material colours,Office chair mid back with armrests,/admin/p/nat-c2-6
CH-MW-66,C2,Multipurpose Chairs with Wheels,material,เก้าอี้เจ้าหน้าที่ ( แบบที่ 1 ),/admin/p/nat-c2-7
CH-MW-67,C 3 เก้าอี้ทำงานผู้บริหาร,Multipurpose Chairs with Wheels,material colours features,C 3 เก้าอี้ทำงานผู้บริหาร,/admin/p/nat-c-3-kaoi-thamngan-phuprihan
CH-MW-68,C3,Multipurpose Chairs with Wheels,material colours,เก้าอี้ทำงานไม่มีเท้าแขน,/admin/p/nat-c3-5
CH-MW-69,C3,Multipurpose Chairs with Wheels,material colours,Office chair low back with armrests,/admin/p/nat-c3-6
CH-MW-70,C3,Multipurpose Chairs with Wheels,material,เก้าอี้เจ้าหน้าที่ (แบบที่ 2),/admin/p/nat-c3-7
CH-MW-71,C4,Multipurpose Chairs with Wheels,material,เก้าอี้อาจารย์ผู้สอน C4,/admin/p/nat-c4-3
CH-MW-72,C4,Multipurpose Chairs with Wheels,dimensions material colours,Office chair,/admin/p/nat-c4-4
CH-MW-73,C4,Multipurpose Chairs with Wheels,material,Office chair low back,/admin/p/nat-c4-5
CH-MW-74,C4,Multipurpose Chairs with Wheels,material colours,เก้าอี้ทำงานมีเท้าแขน,/admin/p/nat-c4-6
CH-MW-75,C5,Multipurpose Chairs with Wheels,material,เก้าอี้ประชุม พนักพิงเตี้ย ไม่มีท้าวแขน C5,/admin/p/nat-c5
CH-MW-76,C6,Multipurpose Chairs with Wheels,material colours,เก้าอี้ทำงานกลุ่ม,/admin/p/nat-c6
CH-MW-77,C8,Multipurpose Chairs with Wheels,material colours,Computer chair,/admin/p/nat-c8-2
CH-MW-78,C9,Multipurpose Chairs with Wheels,material,เก้าอี้ห้องคอมพิวเตอร์ C9,/admin/p/nat-c9
CH-MW-79,C9,Multipurpose Chairs with Wheels,material colours,Task chair without armrests,/admin/p/nat-c9-2
CH-MW-80,CA-18C,Multipurpose Chairs with Wheels,material colours,เก้าอี้เรียนคอมพิวเตอร์,/admin/p/nat-ca-18c
CH-MW-81,CA21A,Multipurpose Chairs with Wheels,material colours,Chair CA-21A,/admin/p/nat-ca21a
CH-MW-82,CA-21B,Multipurpose Chairs with Wheels,material colours,Chair CA-21B,/admin/p/nat-ca-21b
CH-MW-83,CA-21B,Multipurpose Chairs with Wheels,material,Office chair,/admin/p/nat-ca-21b-2
CH-MW-84,CA-21BX,Multipurpose Chairs with Wheels,material,Chair CA-21BX,/admin/p/nat-ca-21bx
CH-MW-85,CA 222A,Multipurpose Chairs with Wheels,material colours features,เก้าอี้สำนักงาน,/admin/p/thaitaiyo-ca-222a
CH-MW-86,CA 222C,Multipurpose Chairs with Wheels,material colours features,เก้าอี้สำนักงาน,/admin/p/thaitaiyo-ca-222c
CH-MW-87,CA 222D,Multipurpose Chairs with Wheels,material colours features,เก้าอี้สำนักงาน,/admin/p/thaitaiyo-ca-222d
CH-MW-88,CA-222EL,Multipurpose Chairs with Wheels,material colours features,เก้าอี้สำนักงาน,/admin/p/thaitaiyo-ca-222el
CH-MW-89,CA23D,Multipurpose Chairs with Wheels,material colours,Office chair CA23-D,/admin/p/nat-ca23d
CH-MW-90,CA27,Multipurpose Chairs with Wheels,material colours,Office chair CA27-C,/admin/p/nat-ca27
CH-MW-91,CA-27B,Multipurpose Chairs with Wheels,material colours,Task chair CA-27B,/admin/p/nat-ca-27b
CH-MW-92,เก้าอี้วิทยากร รุ่น CA-29A,Multipurpose Chairs with Wheels,material colours,เก้าอี้วิทยากร รุ่น CA-29A,/admin/p/nat-kaoi-wityakn-run-ca-29-a
CH-MW-93,CA30A,Multipurpose Chairs with Wheels,material colours,Task chair CA30-A,/admin/p/nat-ca30a
CH-MW-94,CA-31B,Multipurpose Chairs with Wheels,material colours,เก้าอี้สำนักงาน รุ่น CA-31B,/admin/p/nat-ca-31b
CH-MW-95,CA 333A,Multipurpose Chairs with Wheels,material colours features,เก้าอี้สำนักงาน,/admin/p/thaitaiyo-ca-333a
CH-MW-96,CA 333C,Multipurpose Chairs with Wheels,material colours features,เก้าอี้สำนักงาน,/admin/p/thaitaiyo-ca-333c
CH-MW-97,CA444,Multipurpose Chairs with Wheels,material colours features,A,/admin/p/nat-ca444
CH-MW-98,CA444-C,Multipurpose Chairs with Wheels,material colours features,Chair,/admin/p/nat-ca444-c
CH-MW-99,CA 501A,Multipurpose Chairs with Wheels,material colours features,เก้าอี้สำนักงาน,/admin/p/thaitaiyo-ca-501a
CH-MW-100,CA501C,Multipurpose Chairs with Wheels,material colours features,เก้าอี้สำนักงาน,/admin/p/thaitaiyo-ca501c
CH-MW-101,CA 555A,Multipurpose Chairs with Wheels,material colours features,เก้าอี้สำนักงาน,/admin/p/thaitaiyo-ca-555a
CH-MW-102,CA 555C,Multipurpose Chairs with Wheels,material colours features,เก้าอี้สำนักงาน,/admin/p/thaitaiyo-ca-555c
CH-MW-103,CA 777A,Multipurpose Chairs with Wheels,material colours features,เก้าอี้สำนักงาน,/admin/p/thaitaiyo-ca-777a
CH-MW-104,CA777C,Multipurpose Chairs with Wheels,material colours features,เก้าอี้สำนักงาน,/admin/p/thaitaiyo-ca777c
CH-MW-105,CA777D,Multipurpose Chairs with Wheels,material colours features,เก้าอี้สำนักงาน,/admin/p/thaitaiyo-ca777d
CH-MW-106,CH-01,Multipurpose Chairs with Wheels,dimensions material features,เก้าอี้ทำงาน พนักพิงสูงไม่น้อยกว่า 0.80 ม.,/admin/p/nat-ch-01-2
CH-MW-107,CH-01,Multipurpose Chairs with Wheels,material features,Office chair,/admin/p/nat-ch-01-3
CH-MW-108,CH-03,Multipurpose Chairs with Wheels,material,เก้าอี้เจ้าหน้าที่,/admin/p/nat-ch-03
CH-MW-109,CH-04,Multipurpose Chairs with Wheels,material,เก้าอี้แพทย์ เก้าอี้หัวหน้า,/admin/p/nat-ch-04
CH-MW-110,CH-06,Multipurpose Chairs with Wheels,material,Chair LAB.,/admin/p/nat-ch-06
CH-MW-111,CH-07,Multipurpose Chairs with Wheels,material,เก้าอี้หัวหน้า,/admin/p/nat-ch-07
CH-MW-112,CH084SW,Multipurpose Chairs with Wheels,material colours features,เก้าอี้สำนักงาน,/admin/p/thaitaiyo-ch084sw
CH-MW-113,CH085SW,Multipurpose Chairs with Wheels,material colours features,เก้าอี้สำนักงาน,/admin/p/thaitaiyo-ch085sw
CH-MW-114,CH086SW,Multipurpose Chairs with Wheels,material colours features,เก้าอี้สำนักงาน,/admin/p/thaitaiyo-ch086sw
CH-MW-115,CH087SW,Multipurpose Chairs with Wheels,material colours features,เก้าอี้สำนักงาน,/admin/p/thaitaiyo-ch087sw
CH-MW-116,CH-09,Multipurpose Chairs with Wheels,material,เก้าอี้ประชุม,/admin/p/nat-ch-09
CH-MW-117,CH-1,Multipurpose Chairs with Wheels,material colours,เก้าอี้ทำงานเจ้าหน้าที่,/admin/p/nat-ch-1
CH-MW-118,CH-1,Multipurpose Chairs with Wheels,material features,เก้าอี้พนักพิงสูง/ เก้าอี้นั่งอาจารย์,/admin/p/nat-ch-1-2
CH-MW-119,CH-1,Multipurpose Chairs with Wheels,material colours,เก้าอี้สำนักงานพนักพิงสูง (เจ้าหน้าที่),/admin/p/nat-ch-1-3
CH-MW-120,CH1,Multipurpose Chairs with Wheels,material colours,เก้าอี้ทำงานพนักงาน,/admin/p/nat-ch1
CH-MW-121,CH1,Multipurpose Chairs with Wheels,material colours,Task chair high back,/admin/p/nat-ch1-2
CH-MW-122,CH1,Multipurpose Chairs with Wheels,material colours,เก้าอี้พนักพิงสูง(ห้องผู้อำนวยการศูนย์),/admin/p/nat-ch1-3
CH-MW-123,CH-10,Multipurpose Chairs with Wheels,material,เก้าอี้ประชุม,/admin/p/nat-ch-10
CH-MW-124,CH10,Multipurpose Chairs with Wheels,material,เก้าอี้ห้องประชุมสำหรับประธาน,/admin/p/nat-ch10
CH-MW-125,CH1-03,Multipurpose Chairs with Wheels,material colours features,Office chair,/admin/p/nat-ch1-03
CH-MW-126,CH-11,Multipurpose Chairs with Wheels,material,เก้าอี้ทำงานผู้อำนวยการ,/admin/p/nat-ch-11
CH-MW-127,CH11,Multipurpose Chairs with Wheels,material,เก้าอี้ห้องประชุมสำหรับผู้เข้าร่วมประชุม,/admin/p/nat-ch11
CH-MW-128,CH-12,Multipurpose Chairs with Wheels,material,เก้าอี้หน้าโต๊ะผู้อำนวยการ,/admin/p/nat-ch-12
CH-MW-129,CH-13,Multipurpose Chairs with Wheels,material,"เก้าอี้ทำงานรอง 1, 2",/admin/p/nat-ch-13
CH-MW-130,CH-14,Multipurpose Chairs with Wheels,material,"เก้าอี้หน้าโต๊ะรอง 1, 2",/admin/p/nat-ch-14
CH-MW-131,CH-1B,Multipurpose Chairs with Wheels,material colours,Office chair,/admin/p/nat-ch-1b
CH-MW-132,CH-2,Multipurpose Chairs with Wheels,dimensions material colours,Office chair,/admin/p/nat-ch-2
CH-MW-133,CH-2,Multipurpose Chairs with Wheels,material colours,เก้าอี้ทำงานหัวหน้า,/admin/p/nat-ch-2-2
CH-MW-134,CH-2,Multipurpose Chairs with Wheels,material features,เก้าอี้รับรอง,/admin/p/nat-ch-2-4
CH-MW-135,CH2,Multipurpose Chairs with Wheels,material features,Task chair high back with armrests,/admin/p/nat-ch2-2
CH-MW-136,CH-3,Multipurpose Chairs with Wheels,dimensions material colours features,Office chair,/admin/p/nat-ch-3
CH-MW-137,CH-3,Multipurpose Chairs with Wheels,material colours,เก้าอี้ทำงาน แบบพนักพิงสูง (ของหัวหน้าฝ่าย),/admin/p/nat-ch-3-2
CH-MW-138,CH-3,Multipurpose Chairs with Wheels,material features,เก้าอี้ห้องประชุมเล็ก พนักพิงเตี้ย,/admin/p/nat-ch-3-4
CH-MW-139,CH3,Multipurpose Chairs with Wheels,material colours,เก้าอี้ทำงานอเนกประสงค์,/admin/p/nat-ch3-5
CH-MW-140,CH-4,Multipurpose Chairs with Wheels,material colours,เก้าอี้ห้องประชุมใหญ่ พนักพิงกลาง,/admin/p/nat-ch-4-2
CH-MW-141,CH4,Multipurpose Chairs with Wheels,material colours,เก้าอี้รองนายก อบจ.,/admin/p/nat-ch4
CH-MW-142,CH4,Multipurpose Chairs with Wheels,material colours,เก้าอี้ทำงานมีเท้าแขนพนักพิงสูง,/admin/p/nat-ch4-3
CH-MW-143,CH-5,Multipurpose Chairs with Wheels,material features,เก้าอี้ผู้ร่วมประชุมมีแลคเชอร์,/admin/p/nat-ch-5-2
CH-MW-144,CH6,Multipurpose Chairs with Wheels,material colours,เก้าอี้ประธานสภา/เลขาที่ปรึกษานายก,/admin/p/nat-ch6
CH-MW-145,CH6,Multipurpose Chairs with Wheels,material colours features,เก้าอี้รับรอง,/admin/p/nat-ch6-2
CH-MW-146,CH-7,Multipurpose Chairs with Wheels,material colours,เก้าอี้หน้าโต๊ะ พนักพิงเตี้ย อาจารย์,/admin/p/nat-ch-7
CH-MW-147,CH-7,Multipurpose Chairs with Wheels,material colours,Task chair high back,/admin/p/nat-ch-7-2
CH-MW-148,CH7,Multipurpose Chairs with Wheels,material colours,เก้าอี้ ผอ.ศรชล.ภาค1,/admin/p/nat-ch7
CH-MW-149,CH7,Multipurpose Chairs with Wheels,material colours features,เก้าอี้ห้องคอมพิวเตอร์ –ห้องควบคุม,/admin/p/nat-ch7-2
CH-MW-150,CH8,Multipurpose Chairs with Wheels,material colours,เก้าอี้รับรอง ผอ.ศรชล.ภาค1,/admin/p/nat-ch8-2
CH-MW-151,CH9,Multipurpose Chairs with Wheels,material features,Multipurpose chair,/admin/p/nat-ch9
CH-MW-152,CHAIR TROLLEY FOR KIRK AND DUOBLOCK CHAIR,Multipurpose Chairs with Wheels,colours features,Stacking Chairs,/admin/p/practika-chair-trolley-for-kirk-and-duoblock-chair
CH-MW-153,CLAZZIC OFFICE /LOUNGE CHAIR,Multipurpose Chairs with Wheels,features,Office Chairs,/admin/p/practika-clazzic-office-lounge-chair
CH-MW-154,CM-1A,Multipurpose Chairs with Wheels,material,Task chair,/admin/p/nat-cm-1a
CH-MW-155,CM-6,Multipurpose Chairs with Wheels,material,เก้าอี้ประชุมย่อย,/admin/p/nat-cm-6
CH-MW-156,CP-02LP,Multipurpose Chairs with Wheels,material colours features,เก้าอี้สำนักงาน,/admin/p/thaitaiyo-cp-02lp
CH-MW-157,CP-113,Multipurpose Chairs with Wheels,material colours features,เก้าอี้สำนักงาน,/admin/p/thaitaiyo-cp-113
CH-MW-158,CP-113L,Multipurpose Chairs with Wheels,material colours features,เก้าอี้สำนักงาน,/admin/p/thaitaiyo-cp-113l
CH-MW-159,CP-114,Multipurpose Chairs with Wheels,material colours features,เก้าอี้สำนักงาน,/admin/p/thaitaiyo-cp-114
CH-MW-160,CP-114L,Multipurpose Chairs with Wheels,material colours features,เก้าอี้สำนักงาน,/admin/p/thaitaiyo-cp-114l
CH-MW-161,D05,Multipurpose Chairs with Wheels,material colours,Office chair,/admin/p/nat-d05
CH-MW-162,D06,Multipurpose Chairs with Wheels,material,เก้าอี้สำนักงานสำหรับแขก,/admin/p/nat-d06
CH-MW-163,D07,Multipurpose Chairs with Wheels,material colours,Office chair high back,/admin/p/nat-d07
CH-MW-164,D12,Multipurpose Chairs with Wheels,material colours,เก้าอี้ประธาน,/admin/p/nat-d12
CH-MW-166,DOUE’,Multipurpose Chairs with Wheels,features,Office Chairs,/admin/p/practika-doue
CH-MW-167,E3A,Multipurpose Chairs with Wheels,material colours,เก้าอี้ผู้บังคับบัญชา,/admin/p/nat-e3a
CH-MW-168,E3A,Multipurpose Chairs with Wheels,material colours,เก้าอี้ผู้บังคับบัญชา,/admin/p/nat-e3a-2
CH-MW-169,E4A,Multipurpose Chairs with Wheels,material colours,เก้าอี้ผู้บังคับบัญชา,/admin/p/nat-e4a
CH-MW-170,E4A,Multipurpose Chairs with Wheels,material colours,เก้าอี้ผู้บังคับบัญชา,/admin/p/nat-e4a-2
CH-MW-171,F-05,Multipurpose Chairs with Wheels,material colours,Chair Training,/admin/p/nat-f-05-2
CH-MW-172,F1.,Multipurpose Chairs with Wheels,material colours,Task chair,/admin/p/nat-f1-2
CH-MW-173,F-10,Multipurpose Chairs with Wheels,dimensions material colours,Office chair,/admin/p/nat-f-10
CH-MW-174,F10,Multipurpose Chairs with Wheels,material colours,เก้าอี้ทำงาน ประเภทวิชาการ,/admin/p/nat-f10-2
CH-MW-175,F11,Multipurpose Chairs with Wheels,material colours,เก้าอี้ทำงาน ประเภทปฏิบัติงาน,/admin/p/nat-f11
CH-MW-176,F12,Multipurpose Chairs with Wheels,material colours,เก้าอี้ทำงาน ลูกจ้างประจำ,/admin/p/nat-f12
CH-MW-177,F12,Multipurpose Chairs with Wheels,material colours,Task chair,/admin/p/nat-f12-2
CH-MW-178,F13,Multipurpose Chairs with Wheels,material colours,Task chair,/admin/p/nat-f13-2
CH-MW-179,F14,Multipurpose Chairs with Wheels,material colours,Task chair,/admin/p/nat-f14
CH-MW-180,F-16,Multipurpose Chairs with Wheels,dimensions material colours,Office chair,/admin/p/nat-f-16-3
CH-MW-181,F16,Multipurpose Chairs with Wheels,material features,Task chair,/admin/p/nat-f16-2
CH-MW-182,F18,Multipurpose Chairs with Wheels,material colours features,Task chair,/admin/p/nat-f18
CH-MW-183,F-2,Multipurpose Chairs with Wheels,material colours,Task chair,/admin/p/nat-f-2-2
CH-MW-184,F2,Multipurpose Chairs with Wheels,material colours,เก้าอี้ควบคุม,/admin/p/nat-f2-2
CH-MW-185,F20,Multipurpose Chairs with Wheels,dimensions material,เก้าอี้ประชุม,/admin/p/nat-f20-2
CH-MW-186,F-3,Multipurpose Chairs with Wheels,material colours,เก้าอี้ทำงานพนักงาน,/admin/p/nat-f-3-3
CH-MW-187,F-3,Multipurpose Chairs with Wheels,material colours,เก้าอี้ประชาสัมพันธ์ (F-3),/admin/p/nat-f-3-4
CH-MW-188,F3,Multipurpose Chairs with Wheels,material colours,เก้าอี้ประธาน,/admin/p/nat-f3-4
CH-MW-189,F3,Multipurpose Chairs with Wheels,material,เก้าอี้ประชาสัมพันธ์,/admin/p/nat-f3-5
CH-MW-190,F3,Multipurpose Chairs with Wheels,material,เก้าอี้ประชุม,/admin/p/nat-f3-6
CH-MW-191,F3.1,Multipurpose Chairs with Wheels,material colours,เก้าอี้ออดิทอเรี่ยม แบบ ARM CHAIR,/admin/p/nat-f3-1
CH-MW-192,F4,Multipurpose Chairs with Wheels,material,เก้าอี้ทำงาน ผอ.,/admin/p/nat-f4-3
CH-MW-193,F5,Multipurpose Chairs with Wheels,material,Office chair,/admin/p/nat-f5-2
CH-MW-194,F6,Multipurpose Chairs with Wheels,material,เก้าอี้ผู้ติดต่อ,/admin/p/nat-f6-2
CH-MW-195,F7,Multipurpose Chairs with Wheels,material,Chair,/admin/p/nat-f7-2
CH-MW-196,F7,Multipurpose Chairs with Wheels,material colours,เก้าอี้ประชุมประธาน,/admin/p/nat-f7-3
CH-MW-197,F7,Multipurpose Chairs with Wheels,material colours,Office chair CA23-D,/admin/p/nat-f7-5
CH-MW-198,F8,Multipurpose Chairs with Wheels,dimensions material colours,เก้าอี้ทำงาน รองผอ.สนง.กกต.จว,/admin/p/nat-f8-2
CH-MW-199,F8,Multipurpose Chairs with Wheels,material features,Task chair mid back,/admin/p/nat-f8-3
CH-MW-200,F8,Multipurpose Chairs with Wheels,material colours,เก้าอี้ผู้ร่วมประชุม,/admin/p/nat-f8-4
CH-MW-201,FF-10,Multipurpose Chairs with Wheels,material colours,เก้าอี้ล้อเลื่อน,/admin/p/nat-ff-10
CH-MW-202,FF-11,Multipurpose Chairs with Wheels,material colours,เก้าอี้ล้อเลื่อน มีท้าวแขน พนักพิงสูง,/admin/p/nat-ff-11
CH-MW-203,FG 1/AS,Multipurpose Chairs with Wheels,colours,Task chair,/admin/p/perfect-fg-1-as
CH-MW-204,FG 1/NAS,Multipurpose Chairs with Wheels,colours,Task chair,/admin/p/perfect-fg-1-nas
CH-MW-209,HB-02/NAP,Multipurpose Chairs with Wheels,colours,Multipurpose chair without armrests,/admin/p/perfect-hb-02-nap
CH-MW-210,L08,Multipurpose Chairs with Wheels,material colours,เก้าอี้ทำงานเจ้าหน้าที่,/admin/p/nat-l08
CH-MW-211,LF-01,Multipurpose Chairs with Wheels,material colours,เก้าอี้ทำงานมีพนักพิงไม่มีแขน,/admin/p/nat-lf-01
CH-MW-212,LF-02,Multipurpose Chairs with Wheels,material colours,เก้าอี้ทำงานมีพนักพิงมีแขน NEYMAR/MC,/admin/p/nat-lf-02-2
CH-MW-213,LF-02,Multipurpose Chairs with Wheels,material colours,เก้าอี้สูงพนักพิงมีล้อ,/admin/p/nat-lf-02-3
CH-MW-214,LF-03,Multipurpose Chairs with Wheels,material colours,เก้าอี้ทำงานมีพนักพิงไม่มีแขน,/admin/p/nat-lf-03
CH-MW-215,LF-03,Multipurpose Chairs with Wheels,material,เก้าอี้ทำงานสุขภาพ (ผู้บริหาร),/admin/p/nat-lf-03-2
CH-MW-216,LF-09,Multipurpose Chairs with Wheels,material colours,Task chair low back,/admin/p/nat-lf-09
CH-MW-217,LF-11,Multipurpose Chairs with Wheels,material colours,เก้าอี้หัวหน้าเลขา,/admin/p/nat-lf-11
CH-MW-218,LF-11,Multipurpose Chairs with Wheels,material,เก้าอี้ทำงานสุขภาพ,/admin/p/nat-lf-11-2
CH-MW-219,LF-12,Multipurpose Chairs with Wheels,dimensions material,LG12-M.,/admin/p/nat-lf-12
CH-MW-220,LF-13,Multipurpose Chairs with Wheels,dimensions material,LG12-H.,/admin/p/nat-lf-13-2
CH-MW-221,LF13B-B,Multipurpose Chairs with Wheels,material colours features,เก้าอี้ทำงานขาชุปโครเมี่ยม,/admin/p/nat-lf13b-b
CH-MW-222,LF-14B-B,Multipurpose Chairs with Wheels,material colours features,Task chair,/admin/p/nat-lf-14b-b
CH-MW-223,LF-2,Multipurpose Chairs with Wheels,material colours,Office chair,/admin/p/nat-lf-2
CH-MW-224,LF-201,Multipurpose Chairs with Wheels,material,เก้าอี้ทำงานแพทย์,/admin/p/nat-lf-201
CH-MW-225,LF-203,Multipurpose Chairs with Wheels,material,เก้าอี้ทำงานเจ้าหน้าที่,/admin/p/nat-lf-203
CH-MW-226,LF-209,Multipurpose Chairs with Wheels,material,เก้าอี้หัวโต๊ะประชุม,/admin/p/nat-lf-209
CH-MW-227,LF-210,Multipurpose Chairs with Wheels,material,เก้าอี้ห้องประชุม,/admin/p/nat-lf-210
CH-MW-228,LF-211,Multipurpose Chairs with Wheels,material colours,เก้าอี้อเนกประสงค์,/admin/p/nat-lf-211
CH-MW-229,เก้าอี้ปฏิบัติการสาธิต(LSC-1222)เก้าอี้อาจารย์,Multipurpose Chairs with Wheels,dimensions material colours,เก้าอี้ปฏิบัติการสาธิต(LSC-1222)เก้าอี้อาจารย์,/admin/p/nat-kaoi-patibati-kansathit-lsc-1222-kaoi-achan
CH-MW-230,M4A,Multipurpose Chairs with Wheels,material colours features,เก้าอี้สำนักงาน,/admin/p/thaitaiyo-m4a
CH-MW-231,M7C,Multipurpose Chairs with Wheels,material colours features,เก้าอี้สำนักงาน,/admin/p/thaitaiyo-m7c
CH-MW-232,M7CL,Multipurpose Chairs with Wheels,material colours features,เก้าอี้สำนักงาน,/admin/p/thaitaiyo-m7cl
CH-MW-233,M8D,Multipurpose Chairs with Wheels,material colours features,เก้าอี้สำนักงาน,/admin/p/thaitaiyo-m8d
CH-MW-234,ME1,Multipurpose Chairs with Wheels,material colours features,เก้าอี้สำนักงาน,/admin/p/thaitaiyo-me1
CH-MW-235,ME1A,Multipurpose Chairs with Wheels,material colours features,เก้าอี้สำนักงาน,/admin/p/thaitaiyo-me1a
CH-MW-236,MODELO TRAINING CHAIR,Multipurpose Chairs with Wheels,features,Training Chairs & Auditorium Seats,/admin/p/practika-modelo-training-chair
CH-MW-237,MOVE TRAINING/LECTURE CHAIR,Multipurpose Chairs with Wheels,features,Training Chairs & Auditorium Seats,/admin/p/practika-move-training-lecture-chair
CH-MW-238,NCA-30C,Multipurpose Chairs with Wheels,material colours,Task chair,/admin/p/nat-nca-30c
CH-MW-239,ONAND TRAINING CHAIR,Multipurpose Chairs with Wheels,features,Training Chairs & Auditorium Seats,/admin/p/practika-onand-training-chair
CH-MW-242,PRIME-10A,Multipurpose Chairs with Wheels,material colours features,เก้าอี้สำนักงาน,/admin/p/thaitaiyo-prime-10a
CH-MW-243,PRIME-11A,Multipurpose Chairs with Wheels,material colours features,เก้าอี้สำนักงาน,/admin/p/thaitaiyo-prime-11a
CH-MW-244,PRIME-1A,Multipurpose Chairs with Wheels,material colours features,เก้าอี้สำนักงาน,/admin/p/thaitaiyo-prime-1a
CH-MW-245,PRIME-2A,Multipurpose Chairs with Wheels,material colours features,เก้าอี้สำนักงาน,/admin/p/thaitaiyo-prime-2a
CH-MW-246,PRIME-3A,Multipurpose Chairs with Wheels,material colours features,เก้าอี้สำนักงาน,/admin/p/thaitaiyo-prime-3a
CH-MW-247,PRIME-4A,Multipurpose Chairs with Wheels,material colours features,เก้าอี้สำนักงาน,/admin/p/thaitaiyo-prime-4a
CH-MW-248,PRIME-6A,Multipurpose Chairs with Wheels,material colours features,เก้าอี้สำนักงาน,/admin/p/thaitaiyo-prime-6a
CH-MW-249,PRIME-7C,Multipurpose Chairs with Wheels,material colours features,เก้าอี้สำนักงาน,/admin/p/thaitaiyo-prime-7c
CH-MW-250,PRIME-8A,Multipurpose Chairs with Wheels,material colours features,เก้าอี้สำนักงาน,/admin/p/thaitaiyo-prime-8a
CH-MW-251,PRIME-8C,Multipurpose Chairs with Wheels,material colours features,เก้าอี้สำนักงาน,/admin/p/thaitaiyo-prime-8c
CH-MW-252,S1,Multipurpose Chairs with Wheels,material colours,Task chair,/admin/p/nat-s1-2
CH-MW-253,S-3,Multipurpose Chairs with Wheels,material colours,Task chair high back S-3,/admin/p/nat-s-3
CH-MW-254,S-5,Multipurpose Chairs with Wheels,material colours,เก้าอี้ทำงาน พนักพิงต่ำ S-5,/admin/p/nat-s-5
CH-MW-260,SE / LCN,Multipurpose Chairs with Wheels,colours,Office chair low back without armrests,/admin/p/perfect-se-lcn
CH-MW-265,SMARTY TRAINING CHAIR,Multipurpose Chairs with Wheels,features,Training Chairs & Auditorium Seats,/admin/p/practika-smarty-training-chair
CH-MW-266,เก้าอี้ผู้สอน รุ่น Smile A,Multipurpose Chairs with Wheels,material,เก้าอี้ผู้สอน รุ่น Smile A,/admin/p/nat-kaoi-phuson-run-smile-a
CH-MW-267,เก้าอี้ห้องคอมพิวเตอร์ รุ่น Smile C,Multipurpose Chairs with Wheels,material,เก้าอี้ห้องคอมพิวเตอร์ รุ่น Smile C,/admin/p/nat-kaoi-ong-khomphiotoe-run-smile-c
CH-MW-287,TUXEDO ERGONOMIC CHAIR,Multipurpose Chairs with Wheels,features,Office Chairs,/admin/p/practika-tuxedo-ergonomic-chair
CH-MW-288,WAAL TRAINING CHAIR,Multipurpose Chairs with Wheels,features,Training Chairs & Auditorium Seats,/admin/p/practika-waal-training-chair
CH-NT-01,เก้าอี้ตาข่าย,Mesh / Net Chairs,dimensions,\,/admin/p/nat-item
CH-NT-02,501BG,Mesh / Net Chairs,colours,Task chair mid back,/admin/p/perfect-501bg
CH-NT-03,503AB,Mesh / Net Chairs,colours,Task chair high back,/admin/p/perfect-503ab
CH-NT-04,503AG2,Mesh / Net Chairs,colours,Task chair high back,/admin/p/perfect-503ag2
CH-NT-05,503BG,Mesh / Net Chairs,colours,Task chair mid back,/admin/p/perfect-503bg
CH-NT-18,BRAVO TRAINING / LECTURE CHAIR,Mesh / Net Chairs,features,Training Chairs & Auditorium Seats,/admin/p/practika-bravo-training-lecture-chair
CH-NT-37,CLAVO TRAINING/LECTURE CHAIR,Mesh / Net Chairs,features,Training Chairs & Auditorium Seats,/admin/p/practika-clavo-training-lecture-chair
CH-NT-39,COOK ERGONOMIC CHAIR,Mesh / Net Chairs,features,Office Chairs,/admin/p/practika-cook-ergonomic-chair
CH-NT-41,DV/C,Mesh / Net Chairs,features,Multipurpose chair without armrests,/admin/p/mono-dv-c
CH-NT-43,DYNAMIC ERGONOMIC CHAIR,Mesh / Net Chairs,features,Office Chairs,/admin/p/practika-dynamic-ergonomic-chair
CH-NT-44,ENTRY ERGONOMIC CHAIR,Mesh / Net Chairs,features,Office Chairs,/admin/p/practika-entry-ergonomic-chair
CH-NT-45,EXC-26,Mesh / Net Chairs,features,Excutive Chairs,/admin/p/practika-exc-26
CH-NT-46,EXC-32,Mesh / Net Chairs,features,Excutive Chairs,/admin/p/practika-exc-32
CH-NT-47,EXC-37 EXECUTIVE CHAIR,Mesh / Net Chairs,features,Excutive Chairs,/admin/p/practika-exc-37-executive-chair
CH-NT-48,EXC-38 EXECUTIVE CHAIR,Mesh / Net Chairs,features,Excutive Chairs,/admin/p/practika-exc-38-executive-chair
CH-NT-49,EXC-39 EXECUTIVE CHAIR,Mesh / Net Chairs,features,Excutive Chairs,/admin/p/practika-exc-39-executive-chair
CH-NT-53,FRAME OFFICE CHAIR,Mesh / Net Chairs,features,Office Chairs,/admin/p/practika-frame-office-chair
CH-NT-54,FR / H,Mesh / Net Chairs,colours,Office chair high back,/admin/p/perfect-fr-h
CH-NT-55,FR / M,Mesh / Net Chairs,colours,Office chair mid back,/admin/p/perfect-fr-m
CH-NT-63,HANKS STACKING CHAIR,Mesh / Net Chairs,dimensions features,Stacking Chairs,/admin/p/practika-hanks-stacking-chair
CH-NT-65,HARA /H,Mesh / Net Chairs,colours,Office chair,/admin/p/mono-hara-h
CH-NT-66,HARMONY OFFICE CHAIR,Mesh / Net Chairs,features,Office Chairs,/admin/p/practika-harmony-office-chair
CH-NT-74,MEYER ERGONOMIC CHAIR,Mesh / Net Chairs,features,Office Chairs,/admin/p/practika-meyer-ergonomic-chair
CH-NT-87,NEZT OFFICE CHAIR,Mesh / Net Chairs,features,Office Chairs,/admin/p/practika-nezt-office-chair
CH-NT-91,PERCH ERGONOMIC CHAIR,Mesh / Net Chairs,features,Office Chairs,/admin/p/practika-perch-ergonomic-chair
CH-NT-98,RELY OFFICE CHAIR,Mesh / Net Chairs,features,Office Chairs,/admin/p/practika-rely-office-chair
CH-NT-99,REPLY OFFICE CHAIR,Mesh / Net Chairs,features,Office Chairs,/admin/p/practika-reply-office-chair
CH-NT-100,ROBERTO OFFICE CHAIR,Mesh / Net Chairs,features,Office Chairs,/admin/p/practika-roberto-office-chair
CH-NT-103,SIGMUND TRAINING/LECTURE CHAIR,Mesh / Net Chairs,colours features,Training Chairs & Auditorium Seats,/admin/p/practika-sigmund-training-lecture-chair
CH-NT-106,SK / C,Mesh / Net Chairs,features,Office chair bent steel frame formed,/admin/p/perfect-sk-c
CH-NT-111,SYNERGY-B ERGONOMIC CHAIR,Mesh / Net Chairs,features,Office Chairs,/admin/p/practika-synergy-b-ergonomic-chair
CH-NT-112,SYNERGY ERGONOMIC CHAIR,Mesh / Net Chairs,features,Office Chairs,/admin/p/practika-synergy-ergonomic-chair
CH-NT-116,ZIGMA TRAINING / LECTURE CHAIR,Mesh / Net Chairs,features,Training Chairs & Auditorium Seats,/admin/p/practika-zigma-training-lecture-chair
GR-01,อาร์มแชร์,Guest Room Sets,material features,อาร์มแชร์,/admin/p/nat-am-chae
GR-02,ชุดรับแขกใหญ่ พร้อมโต๊ะกลาง,Guest Room Sets,material colours,ชุดรับแขกใหญ่ พร้อมโต๊ะกลาง,/admin/p/nat-chut-rapkhaek-ain-phrom-to-klang
GR-03,เก้าอี้อ่านหนังสือ,Guest Room Sets,dimensions material colours,เก้าอี้อ่านหนังสือ,/admin/p/nat-kaoi-annangsue
GR-04,เก้าอี้หัวกลม,Guest Room Sets,material colours,เก้าอี้หัวกลม,/admin/p/nat-kaoi-hua-klom
GR-05,เก้าอี้ขาเหล็กแบบมีพนักพิง,Guest Room Sets,material colours,เก้าอี้ขาเหล็กแบบมีพนักพิง,/admin/p/nat-kaoi-kha-elk-baep-mi-phanakphing
GR-06,เก้าอี้ไม่มีล้อ,Guest Room Sets,material colours features,เก้าอี้ไม่มีล้อ,/admin/p/nat-kaoi-mai-mi-lo
GR-07,เก้าอี้ไม่มีล้อ,Guest Room Sets,material colours features,เก้าอี้ไม่มีล้อ,/admin/p/nat-kaoi-mai-mi-lo-2
GR-08,เก้าอี้มีล้อ,Guest Room Sets,material colours,เก้าอี้มีล้อ,/admin/p/nat-kaoi-mi-lo
GR-09,เก้าอี้อเนกประสงค์,Guest Room Sets,material,เก้าอี้อเนกประสงค์,/admin/p/nat-kaoi-nekpratng
GR-10,เก้าอี้อเนกประสงค์,Guest Room Sets,material,เก้าอี้อเนกประสงค์,/admin/p/nat-kaoi-nekpratng-2
GR-11,เก้าอี้พลาสติก,Guest Room Sets,material colours,Chair plastic,/admin/p/nat-kaoi-phlattik
GR-12,เก้าอี้สตูล หุ้มหนังเทียม,Guest Room Sets,material colours,เก้าอี้สตูล หุ้มหนังเทียม,/admin/p/nat-kaoi-satun-um-nang-thiam
GR-13,เก้าอี้โซฟา,Guest Room Sets,dimensions material colours features,Chair sofa,/admin/p/nat-kaoi-sofa
GR-14,เก้าอี้นั่งเดี่ยว,Guest Room Sets,dimensions material colours,เก้าอี้นั่งเดี่ยว,/admin/p/nat-kaoinang-diao
GR-15,เก้าอี้นั่งคอย,Guest Room Sets,material features,เก้าอี้นั่งคอย,/admin/p/nat-kaoinang-khoi
GR-16,เก้าอี้รับแขกขาถ้วย,Guest Room Sets,material colours,เก้าอี้รับแขกขาถ้วย,/admin/p/nat-kaoirapkhaek-kha-thuai
GR-17,โต๊ะข้าง,Guest Room Sets,material colours,Side table,/admin/p/nat-to-khang
GR-18,โต๊ะข้าง,Guest Room Sets,dimensions material colours features,Side table,/admin/p/nat-to-khang-2
GR-19,โต๊ะกลาง,Guest Room Sets,material colours features,Coffee table,/admin/p/nat-to-klang
GR-20,โต๊ะกลาง,Guest Room Sets,material,Coffee table,/admin/p/nat-to-klang-2
GR-21,โต๊ะกลาง,Guest Room Sets,material colours,Coffee table,/admin/p/nat-to-klang-3
GR-22,โต๊ะกลาง,Guest Room Sets,material colours,Coffee table,/admin/p/nat-to-klang-4
GR-23,โต๊ะกลาง,Guest Room Sets,material,Coffee table,/admin/p/nat-to-klang-5
GR-24,โต๊ะกลางกลม,Guest Room Sets,material colours,โต๊ะกลางกลม,/admin/p/nat-to-klang-klom
GR-25,เก้าอี้รับแขก 1 ที่นั่ง,Guest Room Sets,material features,Guest chair 1-seater,/admin/p/nat-kaoirapkhaek-1-thinang
GR-26,โซฟา 1 ที่นั่ง,Guest Room Sets,material colours,Sofa 1-seater,/admin/p/nat-sofa-1-thinang
GR-27,โซฟา 1 ที่นั่ง,Guest Room Sets,material colours,Sofa 1-seater,/admin/p/nat-sofa-1-thinang-2
GR-28,โซฟา 1 ที่นั่ง,Guest Room Sets,material colours features,Sofa 1-seater,/admin/p/nat-sofa-1-thinang-3
GR-29,โซฟา 1 ที่นั่ง รุ่น SF011,Guest Room Sets,material colours,โซฟา 1 ที่นั่ง รุ่น SF011,/admin/p/nat-sofa-1-thinang-run-sf-011
GR-30,โซฟา 2 ที่นั่ง,Guest Room Sets,material colours features,Sofa 2-seater,/admin/p/nat-sofa-2-thinang
GR-31,2CC100,Guest Room Sets,material colours features,เคาน์เตอร์,/admin/p/thaitaiyo-2cc100
GR-32,2CC120,Guest Room Sets,material colours features,เคาน์เตอร์,/admin/p/thaitaiyo-2cc120
GR-33,ชุดโซฟาชนิด 3 ที่นั่ง,Guest Room Sets,material colours,ชุดโซฟาชนิด 3 ที่นั่ง,/admin/p/nat-chut-sofa-chanit-3-thinang
GR-34,เก้าอี้โซฟา 3 ที่นั่ง,Guest Room Sets,material,Chair sofa 3-seater,/admin/p/nat-kaoi-sofa-3-thinang
GR-35,โซฟา 3 ที่นั่ง,Guest Room Sets,material colours,Sofa 3-seater,/admin/p/nat-sofa-3-thinang
GR-36,4CFC270,Guest Room Sets,material colours features,เคาน์เตอร์,/admin/p/thaitaiyo-4cfc270
GR-37,AMANDA / 1,Guest Room Sets,features,Sofa 1-seater,/admin/p/patara-amanda-1
GR-38,AMANDA / 2,Guest Room Sets,features,Sofa 2-seater,/admin/p/patara-amanda-2
GR-39,AMANDA / 3,Guest Room Sets,features,Sofa 3-seater,/admin/p/patara-amanda-3
GR-40,ANASIA,Guest Room Sets,features,Coffee table round,/admin/p/patara-anasia
GR-41,ANFEEL/1,Guest Room Sets,colours,Reception sofa 1-seater with armrests,/admin/p/mono-anfeel-1
GR-42,ANFEEL/2,Guest Room Sets,colours,Reception sofa 2-seater with armrests,/admin/p/mono-anfeel-2
GR-43,ANFEEL/3,Guest Room Sets,colours,Reception sofa 3-seater with armrests,/admin/p/mono-anfeel-3
GR-44,ARSA,Guest Room Sets,colours features,ARMCHAIR,/admin/p/patara-arsa
GR-45,ASHTON / 1,Guest Room Sets,colours features,Sofa 1-seater,/admin/p/mono-ashton-1
GR-46,ASHTON / 3,Guest Room Sets,colours features,Sofa 3-seater,/admin/p/mono-ashton-3
GR-47,AUGUST SOFA,Guest Room Sets,colours features,Sofas & Recliners,/admin/p/practika-august-sofa
GR-48,AVANT LOUNGE CHAIR,Guest Room Sets,colours features,Lounge Seating,/admin/p/practika-avant-lounge-chair
GR-49,AXEL LOUNGE CHAIR,Guest Room Sets,features,Lounge Seating,/admin/p/practika-axel-lounge-chair
GR-50,BABY / 1,Guest Room Sets,features,Kids' sofa 1-seater,/admin/p/patara-baby-1
GR-51,BABY / 2,Guest Room Sets,features,Kids' sofa 2-seater,/admin/p/patara-baby-2
GR-52,BAGEL LOUNGE CHAIR,Guest Room Sets,features,Lounge Seating,/admin/p/practika-bagel-lounge-chair
GR-53,BARTON COFFEE TABLE,Guest Room Sets,dimensions features,Coffee & Side Tables,/admin/p/practika-barton-coffee-table
GR-54,BEARING / 1,Guest Room Sets,material colours features,Sofa 1-seater,/admin/p/mono-bearing-1
GR-55,BEARING / 1,Guest Room Sets,material colours features,Sofa 3-seater,/admin/p/mono-bearing-1-2
GR-56,BEARING / 2,Guest Room Sets,material colours features,Sofa 2-seater,/admin/p/mono-bearing-2
GR-57,BELLO SOFA,Guest Room Sets,colours features,Sofas & Recliners,/admin/p/practika-bello-sofa
GR-58,BEND,Guest Room Sets,dimensions features,Sofas & Recliners,/admin/p/practika-bend
GR-59,BESTA/1,Guest Room Sets,colours features,Reception sofa 1-seater,/admin/p/perfect-besta-1
GR-60,BESTA/2,Guest Room Sets,colours features,Reception sofa 2-seater,/admin/p/perfect-besta-2
GR-61,BESTA/3,Guest Room Sets,colours features,Reception sofa 3-seater,/admin/p/perfect-besta-3
GR-62,BOUNCE COFFEE TABLE,Guest Room Sets,dimensions features,Coffee & Side Tables,/admin/p/practika-bounce-coffee-table
GR-63,BOUNDARY RECLINER,Guest Room Sets,features,Sofas & Recliners,/admin/p/practika-boundary-recliner
GR-64,BOWEN COFFEE TABLE,Guest Room Sets,dimensions colours features,Coffee & Side Tables,/admin/p/practika-bowen-coffee-table
GR-65,BOZZETTO,Guest Room Sets,features,Lounge Seating,/admin/p/practika-bozzetto
GR-66,BRANDO,Guest Room Sets,features,Lounge Seating,/admin/p/practika-brando
GR-67,BRANDY,Guest Room Sets,colours features,Sofa 1-seater,/admin/p/patara-brandy
GR-68,BRANDY/T,Guest Room Sets,material features,Side table,/admin/p/patara-brandy-t
GR-69,BRINDLEY LOUNGE CHAIR,Guest Room Sets,features,Lounge Seating,/admin/p/practika-brindley-lounge-chair
GR-70,BUA SIDE TABLE,Guest Room Sets,dimensions features,Coffee & Side Tables,/admin/p/practika-bua-side-table
GR-71,BUTTERFLY,Guest Room Sets,colours features,ARMCHAIR,/admin/p/patara-butterfly
GR-72,C-01,Guest Room Sets,material colours features,เก้าอี้อเนกประสงค์ พนักพิงทึบมีที่เท้าแขน,/admin/p/nat-c-01
GR-73,C-02,Guest Room Sets,material colours features,เก้าอี้อเนกประสงค์,/admin/p/nat-c-02
GR-74,C-03,Guest Room Sets,material colours features,เก้าอี้อเนกประสงค์คละสี,/admin/p/nat-c-03
GR-75,C-05,Guest Room Sets,material colours features,"M2 STACKING CHAIR,",/admin/p/nat-c-05-2
GR-76,C2,Guest Room Sets,material,เก้าอี้ขาตาย,/admin/p/nat-c2-8
GR-77,C3,Guest Room Sets,material colours features,Chair,/admin/p/nat-c3-8
GR-78,C4,Guest Room Sets,material colours,Guest chair without armrests,/admin/p/nat-c4-7
GR-79,C5,Guest Room Sets,material colours,เก้าอี้รับรองขาตาย,/admin/p/nat-c5-2
GR-80,C5.1,Guest Room Sets,material colours,Sofa 2-seater,/admin/p/nat-c5-1
GR-81,CA-21D,Guest Room Sets,material colours,Chair CA-21D,/admin/p/nat-ca-21d
GR-82,CACTUS,Guest Room Sets,features,EASY CHAIR,/admin/p/patara-cactus
GR-84,CARA LOUNGE CHAIR,Guest Room Sets,dimensions features,Lounge Seating,/admin/p/practika-cara-lounge-chair
GR-85,CARTIER / 2,Guest Room Sets,colours,SOFA 2 SEAT,/admin/p/mass-mono-cartier-2
GR-86,CARTIER SET,Guest Room Sets,colours,L-Shape Sofa Set,/admin/p/mass-mono-cartier-set
GR-87,CASTELLO,Guest Room Sets,features,Lounge Seating,/admin/p/practika-castello
GR-88,CBCT6060,Guest Room Sets,features,Side table,/admin/p/perfect-cbct6060
GR-89,CBCT9060,Guest Room Sets,features,Coffee table,/admin/p/perfect-cbct9060
GR-91,CH-02,Guest Room Sets,material colours,เก้าอี้อเนกประสงค์,/admin/p/nat-ch-02-3
GR-92,CH02,Guest Room Sets,material colours features,เก้าอี้นักเรียน,/admin/p/nat-ch02
GR-93,CH-03,Guest Room Sets,material colours,เก้าอี้อเนกประสงค์,/admin/p/nat-ch-03-2
GR-94,CH-07,Guest Room Sets,material colours,เก้าอี้อเนกประสงค์,/admin/p/nat-ch-07-2
GR-95,CH-1,Guest Room Sets,dimensions material colours,Chair,/admin/p/nat-ch-1-4
GR-96,CH1,Guest Room Sets,material colours,เก้าอี้อ่านหนังสือ,/admin/p/nat-ch1-4
GR-97,CH1,Guest Room Sets,material colours,โซฟา 1 ที่นั่ง(งานครุภัณฑ์ชั้นล่าง),/admin/p/nat-ch1-5
GR-98,CH-2,Guest Room Sets,material features,Chair LIBRARY,/admin/p/nat-ch-2-5
GR-99,CH2,Guest Room Sets,material colours,Sofa 2-seater,/admin/p/nat-ch2-3
GR-100,CH-3,Guest Room Sets,material colours,Chair,/admin/p/nat-ch-3-5
GR-101,CH3,Guest Room Sets,material colours,CH3,/admin/p/nat-ch3-3
GR-102,CH3,Guest Room Sets,material colours,เก้าอี้ร้าน Coffee Shop,/admin/p/nat-ch3-4
GR-103,CH30,Guest Room Sets,features,EASY CHAIR,/admin/p/patara-ch30
GR-104,CH-4,Guest Room Sets,dimensions material colours,เก้าอี้อเนกประสงค์,/admin/p/nat-ch-4-3
GR-105,CH4,Guest Room Sets,material colours,เก้าอี้อ่านหนังสือเดี่ยว,/admin/p/nat-ch4-4
GR-106,CH-5,Guest Room Sets,dimensions material colours,Chair,/admin/p/nat-ch-5-4
GR-107,CH7,Guest Room Sets,material colours,เก้าอี้รับแขกในห้องประธานสภา/เลขาที่ปรึกษานายก,/admin/p/nat-ch7-3
GR-109,CLASSIC-DIN,Guest Room Sets,colours,ARMCHAIR,/admin/p/patara-classic-din
GR-110,CLAYTON LOUNGE CHAIR,Guest Room Sets,features,Lounge Seating,/admin/p/practika-clayton-lounge-chair
GR-111,CLAZZIC-E,Guest Room Sets,features,Sofas & Recliners,/admin/p/practika-clazzic-e
GR-112,CLAZZIC SOFA,Guest Room Sets,colours features,Sofas & Recliners,/admin/p/practika-clazzic-sofa
GR-113,COFFEE BEAN : BEAN BAG CHAIR,Guest Room Sets,features,Lounge Seating,/admin/p/practika-coffee-bean-bean-bag-chair
GR-114,COLORLOOP SIDE TABLE,Guest Room Sets,features,Coffee & Side Tables,/admin/p/practika-colorloop-side-table
GR-115,COLORLOOP SOFA,Guest Room Sets,features,Sofas & Recliners,/admin/p/practika-colorloop-sofa
GR-116,COLORLOOP SWIVEL SOFA,Guest Room Sets,features,Sofas & Recliners,/admin/p/practika-colorloop-swivel-sofa
GR-117,CO-LOUNGE,Guest Room Sets,features,Sofa 2-seater,/admin/p/patara-co-lounge
GR-118,CONTEMP SIDE TABLE,Guest Room Sets,dimensions material colours features,Coffee & Side Tables,/admin/p/practika-contemp-side-table
GR-119,COOKIE,Guest Room Sets,features,โต๊ะกลาง รูปทรงขนมปัง ท๊อปกระเบื้องลายหิน,/admin/p/mass-mono-cookie
GR-120,COR SOFA,Guest Room Sets,colours features,Sofas & Recliners,/admin/p/practika-cor-sofa
GR-121,COSMO SEAT LOUNGE CHAIR,Guest Room Sets,colours features,Lounge Seating,/admin/p/practika-cosmo-seat-lounge-chair
GR-122,COVA LOUNGE CHAIR,Guest Room Sets,features,Lounge Seating,/admin/p/practika-cova-lounge-chair
GR-123,CREME : LOUNGE CHAIR,Guest Room Sets,features,Lounge Seating,/admin/p/practika-creme-lounge-chair
GR-124,CUBE-E SOFA,Guest Room Sets,colours features,Sofas & Recliners,/admin/p/practika-cube-e-sofa
GR-125,CUBE SOFA,Guest Room Sets,colours features,Sofas & Recliners,/admin/p/practika-cube-sofa
GR-126,CUBIC/1,Guest Room Sets,features,Reception sofa 1-seater,/admin/p/perfect-cubic-1
GR-127,CUBIC/2,Guest Room Sets,features,Reception sofa 2-seater,/admin/p/perfect-cubic-2
GR-128,CUBIC/3,Guest Room Sets,features,Reception sofa 3-seater,/admin/p/perfect-cubic-3
GR-129,CUBIC/CN,Guest Room Sets,features,โซฟารับแขกแบบจัดเป็นชุด ขนาด 1 ที่นั่ง สำหรับต่อเข้ามุม,/admin/p/perfect-cubic-cn
GR-130,CUBIC/CT,Guest Room Sets,features,โซฟารับแขกแบบจัดเป็นชุด ขนาด 1 ที่นั่ง สำหรับต่อตรงกลาง,/admin/p/perfect-cubic-ct
GR-131,CUBIC SOFA,Guest Room Sets,colours features,Sofas & Recliners,/admin/p/practika-cubic-sofa
GR-132,CURLY-1S,Guest Room Sets,features,Sofa 1-seater,/admin/p/patara-curly-1s
GR-133,CURLY-2S,Guest Room Sets,features,Sofa 2-seater,/admin/p/patara-curly-2s
GR-134,D02,Guest Room Sets,material features,Sofa 2-seater,/admin/p/nat-d02
GR-135,D03,Guest Room Sets,material features,Sofa,/admin/p/nat-d03
GR-136,D04,Guest Room Sets,material,Coffee table,/admin/p/nat-d04
GR-137,DAIFUKU,Guest Room Sets,features,โต๊ะกลาง ทรงกลม ท๊อปกระเบื้องลายหิน,/admin/p/mass-mono-daifuku
GR-138,DANIEL SOFA,Guest Room Sets,colours features,Sofas & Recliners,/admin/p/practika-daniel-sofa
GR-139,DEANA,Guest Room Sets,features,Sofa 2-seater,/admin/p/patara-deana
GR-140,DELIGHT COFFEE AND SIDE TABLE,Guest Room Sets,colours features,Coffee & Side Tables,/admin/p/practika-delight-coffee-and-side-table
GR-141,DELIZIA SOFA,Guest Room Sets,colours features,Sofas & Recliners,/admin/p/practika-delizia-sofa
GR-142,DELSO,Guest Room Sets,features,Coffee table,/admin/p/patara-delso
GR-143,DEMI,Guest Room Sets,features,Sofa 1-seater,/admin/p/patara-demi
GR-144,D-WELL SOFA,Guest Room Sets,features,Sofas & Recliners,/admin/p/practika-d-well-sofa
GR-145,DYLAN,Guest Room Sets,colours features,Sofa 2-seater,/admin/p/patara-dylan
GR-146,EASE,Guest Room Sets,features,Sofas & Recliners,/admin/p/practika-ease
GR-147,EATARY,Guest Room Sets,colours features,Sofa 1-seater,/admin/p/patara-eatary
GR-148,ELIZE,Guest Room Sets,features,Lounge Seating,/admin/p/practika-elize
GR-149,ELLISON,Guest Room Sets,features,Lounge Seating,/admin/p/practika-ellison
GR-150,ELLISON SOFA,Guest Room Sets,features,Sofas & Recliners,/admin/p/practika-ellison-sofa
GR-151,ELSA / 1,Guest Room Sets,features,Sofa 1-seater,/admin/p/mass-mono-elsa-1
GR-152,ELSA / T,Guest Room Sets,features,โต๊ะกลาง มีช่องเก็บของเปิดได้,/admin/p/mass-mono-elsa-t
GR-153,EROS SIDE TABLE,Guest Room Sets,dimensions colours features,Coffee & Side Tables,/admin/p/practika-eros-side-table
GR-154,ETON,Guest Room Sets,features,ARMCHAIR,/admin/p/patara-eton
GR-155,EXTENDER,Guest Room Sets,features,Sofas & Recliners,/admin/p/practika-extender
GR-156,F-01,Guest Room Sets,material features,อาร์มแชร์,/admin/p/nat-f-01
GR-157,F-01,Guest Room Sets,material colours,Sofa 1-seater,/admin/p/nat-f-01-2
GR-158,F-02,Guest Room Sets,material features,Sofa 3-seater,/admin/p/nat-f-02-2
GR-159,F-04,Guest Room Sets,dimensions material colours,Chair wood,/admin/p/nat-f-04
GR-160,F-05,Guest Room Sets,material colours,Chair Training,/admin/p/nat-f-05-3
GR-161,F-05,Guest Room Sets,dimensions material,เก้าอี้ให้ยาเคมีบำบัด,/admin/p/nat-f-05-5
GR-162,F-06,Guest Room Sets,dimensions material,Coffee table,/admin/p/nat-f-06-4
GR-163,F-07,Guest Room Sets,material colours,Coffee table,/admin/p/nat-f-07-2
GR-164,F1,Guest Room Sets,material colours,Sofa 2-seater,/admin/p/nat-f1-4
GR-165,F1,Guest Room Sets,material colours features,Reception sofa 2-seater,/admin/p/nat-f1-5
GR-166,F10,Guest Room Sets,material colours features,Side table straight without drawers,/admin/p/nat-f10-3
GR-167,F10A,Guest Room Sets,material colours features,Side table straight without drawers,/admin/p/nat-f10a
GR-168,F-12,Guest Room Sets,material colours features,Sofa,/admin/p/nat-f-12
GR-169,F-12,Guest Room Sets,material colours,Coffee table sofa,/admin/p/nat-f-12-3
GR-170,F-13,Guest Room Sets,dimensions material,Sofa 2-seater,/admin/p/nat-f-13-3
GR-171,F-13,Guest Room Sets,material features,Corner sofa,/admin/p/nat-f-13-4
GR-172,F14,Guest Room Sets,material colours,เก้าอี้รุ่น C – 104,/admin/p/nat-f14-2
GR-173,F14,Guest Room Sets,material features,โต๊ะกลางชุดรับแขก,/admin/p/nat-f14-3
GR-174,F-16,Guest Room Sets,dimensions material colours,Sofa 2-seater,/admin/p/nat-f-16-4
GR-175,F16,Guest Room Sets,material colours,Sofa 2-seater,/admin/p/nat-f16-3
GR-176,F17,Guest Room Sets,material features,Chair,/admin/p/nat-f17
GR-177,F17,Guest Room Sets,material colours,Sofa 3-seater,/admin/p/nat-f17-2
GR-178,F19,Guest Room Sets,material colours,Sofa 2-seater,/admin/p/nat-f19
GR-179,F2.,Guest Room Sets,material colours,เก้าอี้มาติดต่อ,/admin/p/nat-f2-3
GR-180,F2,Guest Room Sets,material colours,Coffee table,/admin/p/nat-f2-7
GR-181,F2,Guest Room Sets,material colours,โต๊ะกลางชุดรับแขก,/admin/p/nat-f2-8
GR-182,F20,Guest Room Sets,material colours,Sofa 1-seater,/admin/p/nat-f20-3
GR-183,F21,Guest Room Sets,material colours,เคาน์เตอร์ต้อนรับและรับส่งเอกสาร,/admin/p/nat-f21-3
GR-184,F21,Guest Room Sets,material colours,โต๊ะกลางชุดรับแขก,/admin/p/nat-f21-4
GR-185,F-3,Guest Room Sets,material colours features,Side table,/admin/p/nat-f-3-8
GR-186,F3,Guest Room Sets,material colours,Sofa 1-seater,/admin/p/nat-f3-7
GR-187,F3,Guest Room Sets,material colours features,Reception sofa 1-seater,/admin/p/nat-f3-8
GR-188,F3A.,Guest Room Sets,material,เก้าอี้แบบมีพนักพิงและที่วางแขนบุหนังเทียม,/admin/p/nat-f3a
GR-189,F-4,Guest Room Sets,material colours,Chair reception sofa 3-seater,/admin/p/nat-f-4-2
GR-190,F-4,Guest Room Sets,material colours features,Coffee table,/admin/p/nat-f-4-3
GR-191,F4,Guest Room Sets,dimensions material,Sofa 3-seater,/admin/p/nat-f4-4
GR-192,F4,Guest Room Sets,material colours,Sofa 3-seater,/admin/p/nat-f4-5
GR-193,F4A.,Guest Room Sets,material,โซฟา 3 ที่นั่ง บุหนังเทียม,/admin/p/nat-f4a
GR-194,F-5,Guest Room Sets,material,Coffee table,/admin/p/nat-f-5-3
GR-195,F5.,Guest Room Sets,material,โซฟา 2 ที่นั่ง บุหนังเทียม,/admin/p/nat-f5-3
GR-196,F5,Guest Room Sets,material colours,Sofa 3-seater,/admin/p/nat-f5-4
GR-197,F5,Guest Room Sets,dimensions material colours,Sofa 3-seater,/admin/p/nat-f5-5
GR-198,F-6,Guest Room Sets,material colours,Sofa 2-seater,/admin/p/nat-f-6-2
GR-199,F-7,Guest Room Sets,material colours,Coffee table,/admin/p/nat-f-7
GR-200,F7,Guest Room Sets,dimensions material,Chair,/admin/p/nat-f7-4
GR-201,F7,Guest Room Sets,material features,Sofa 3-seater,/admin/p/nat-f7-6
GR-202,F7.,Guest Room Sets,material colours,Side table / F.8 side table,/admin/p/nat-f7-7
GR-203,F-9,Guest Room Sets,dimensions material colours,เก้าอี้สำหรับกรอกเอกสาร,/admin/p/nat-f-9
GR-204,FADEAR,Guest Room Sets,colours,Sofa 2-seater,/admin/p/patara-fadear
GR-205,FF-17,Guest Room Sets,material colours,Chair without armrests,/admin/p/nat-ff-17
GR-206,FF-4,Guest Room Sets,material colours,Sofa 1-seater,/admin/p/nat-ff-4
GR-207,FF-5,Guest Room Sets,material colours,Sofa 2-seater,/admin/p/nat-ff-5
GR-208,FLY SOFA,Guest Room Sets,colours features,Sofas & Recliners,/admin/p/practika-fly-sofa
GR-209,FOGIE,Guest Room Sets,features,Lounge Seating,/admin/p/practika-fogie
GR-210,FOGO,Guest Room Sets,colours features,Lounge Seating,/admin/p/practika-fogo
GR-211,FONDUE,Guest Room Sets,colours features,Lounge Seating,/admin/p/practika-fondue
GR-212,FRABRICA : SEMI-OUTDOOR CHAIR,Guest Room Sets,features,Lounge Seating,/admin/p/practika-frabrica-semi-outdoor-chair
GR-213,GATEAU SOFA,Guest Room Sets,colours features,Sofas & Recliners,/admin/p/practika-gateau-sofa
GR-214,GOLDSMITHS,Guest Room Sets,colours features,Sofa 2-seater,/admin/p/patara-goldsmiths
GR-215,GOLDSMITHS -T,Guest Room Sets,features,โต๊ะกลางท๊อปกระจกสีชา,/admin/p/patara-goldsmiths-t
GR-216,GRAINLINE,Guest Room Sets,features,Lounge Seating,/admin/p/practika-grainline
GR-217,GRIM,Guest Room Sets,features,Coffee & Side Tables,/admin/p/practika-grim
GR-218,HALLO,Guest Room Sets,features,Sofas & Recliners,/admin/p/practika-hallo
GR-219,HALO,Guest Room Sets,dimensions colours features,Lounge Seating,/admin/p/practika-halo
GR-220,HAMPTON,Guest Room Sets,dimensions features,Lounge Seating,/admin/p/practika-hampton
GR-221,HARP : SEMI-OUTDOOR CHAIR,Guest Room Sets,features,Lounge Seating,/admin/p/practika-harp-semi-outdoor-chair
GR-222,HATCH LOUNGE CHAIR,Guest Room Sets,features,Lounge Seating,/admin/p/practika-hatch-lounge-chair
GR-223,HATTERS SOFA,Guest Room Sets,dimensions features,Sofas & Recliners,/admin/p/practika-hatters-sofa
GR-224,HELLO/1,Guest Room Sets,colours features,Sofa 1-seater,/admin/p/patara-hello-1
GR-225,HELLO/2,Guest Room Sets,colours features,Sofa 2-seater,/admin/p/patara-hello-2
GR-228,HOLD /C,Guest Room Sets,features,Lounge chair,/admin/p/patara-hold-c
GR-229,HOLD /R,Guest Room Sets,colours,Lounge chair,/admin/p/patara-hold-r
GR-230,HUMBLE SOFA,Guest Room Sets,colours features,Sofas & Recliners,/admin/p/practika-humble-sofa
GR-231,INZAGHI,Guest Room Sets,features,Lounge Seating,/admin/p/practika-inzaghi
GR-232,INZAKO,Guest Room Sets,features,Lounge Seating,/admin/p/practika-inzako
GR-233,IRON/1,Guest Room Sets,features,Sofa 1-seater,/admin/p/patara-iron-1
GR-234,IRON/3,Guest Room Sets,features,Sofa 3-seater,/admin/p/patara-iron-3
GR-235,ISUMI,Guest Room Sets,features,Lounge Seating,/admin/p/practika-isumi
GR-236,JACOB,Guest Room Sets,features,Side table,/admin/p/perfect-jacob
GR-237,JASPER : SEMI-OUTDOOR CHAIR,Guest Room Sets,features,Lounge Seating,/admin/p/practika-jasper-semi-outdoor-chair
GR-238,JELATO,Guest Room Sets,features,Lounge Seating,/admin/p/practika-jelato
GR-239,JERSEY/T,Guest Room Sets,features,โต๊ะกลางข้างโซฟา,/admin/p/patara-jersey-t
GR-240,KASA,Guest Room Sets,dimensions features,Sofas & Recliners,/admin/p/practika-kasa
GR-242,KEEP COFFEE TABLE,Guest Room Sets,dimensions colours features,Coffee & Side Tables,/admin/p/practika-keep-coffee-table
GR-243,KENYON,Guest Room Sets,features,Lounge Seating,/admin/p/practika-kenyon
GR-244,KINGSLEY,Guest Room Sets,dimensions colours features,Lounge Seating,/admin/p/practika-kingsley
GR-245,L06,Guest Room Sets,material colours,โต๊ะข้างโซฟา ขนาด 0.50 x0.50 ม.,/admin/p/nat-l06
GR-246,LAGROSS,Guest Room Sets,dimensions features,Lounge Seating,/admin/p/practika-lagross
GR-247,LE ZURI COFFEE AND SIDE TABLE / BEDSIDE TABLE,Guest Room Sets,features,Coffee & Side Tables,/admin/p/practika-le-zuri-coffee-and-side-table-bedside-table
GR-248,LF-02,Guest Room Sets,material colours,เก้าอี้สูงพนักพิงไม่มีล้อ,/admin/p/nat-lf-02-5
GR-249,LF-02,Guest Room Sets,material colours,ชุดโซฟา,/admin/p/nat-lf-02-6
GR-250,LF-03,Guest Room Sets,material colours,Chair,/admin/p/nat-lf-03-3
GR-251,LF-04,Guest Room Sets,material,ALEXIS,/admin/p/nat-lf-04-2
GR-252,LF-05,Guest Room Sets,material colours,Chair 1-seater,/admin/p/nat-lf-05
GR-253,LF-05,Guest Room Sets,material,Waiting chair,/admin/p/nat-lf-05-3
GR-254,LF-07,Guest Room Sets,material colours,Sofa 2-seater,/admin/p/nat-lf-07
GR-255,LF-08,Guest Room Sets,material colours,Sofa 3-seater,/admin/p/nat-lf-08
GR-256,LF-202,Guest Room Sets,material colours,เก้าอี้ผู้มาพบแพทย์,/admin/p/nat-lf-202
GR-257,LF-214,Guest Room Sets,material colours,อาร์มแชร์,/admin/p/nat-lf-214
GR-258,LF-215,Guest Room Sets,material,เก้าอี้อเนกประสงค์,/admin/p/nat-lf-215
GR-259,LF-219,Guest Room Sets,material,Sofa 3-seater,/admin/p/nat-lf-219
GR-260,LF-220,Guest Room Sets,material colours,อาร์มแชร์,/admin/p/nat-lf-220
GR-261,LF-32,Guest Room Sets,material features,เก้าอี้ (ห้อง Pantry),/admin/p/nat-lf-32
GR-262,LIPS,Guest Room Sets,colours features,Corner sofa triangular,/admin/p/patara-lips
GR-263,LIVING SOFA,Guest Room Sets,colours features,Sofas & Recliners,/admin/p/practika-living-sofa
GR-264,LOAF,Guest Room Sets,dimensions features,Lounge Seating,/admin/p/practika-loaf
GR-265,LUNA SOFA,Guest Room Sets,features,Sofas & Recliners,/admin/p/practika-luna-sofa
GR-266,LZ-06,Guest Room Sets,features,ARMCHAIR,/admin/p/patara-lz-06
GR-267,M2,Guest Room Sets,material colours,โต๊ะกลางรับแขก,/admin/p/nat-m2
GR-268,MANDARIN,Guest Room Sets,features,Sofas & Recliners,/admin/p/practika-mandarin
GR-269,MARBELLA,Guest Room Sets,features,Coffee & Side Tables,/admin/p/practika-marbella
GR-270,MARSHALL SIDE TABLE,Guest Room Sets,features,Coffee & Side Tables,/admin/p/practika-marshall-side-table
GR-271,MARTIE SIDE TABLE,Guest Room Sets,features,Coffee & Side Tables,/admin/p/practika-martie-side-table
GR-272,MARVEL / 1,Guest Room Sets,features,Sofa 1-seater,/admin/p/mono-marvel-1
GR-273,MARVEL / 3,Guest Room Sets,features,Sofa 3-seater,/admin/p/mono-marvel-3
GR-274,MATILDA,Guest Room Sets,features,Lounge Seating,/admin/p/practika-matilda
GR-275,MELODY,Guest Room Sets,features,Lounge Seating,/admin/p/practika-melody
GR-277,METROCURVE,Guest Room Sets,features,Coffee & Side Tables,/admin/p/practika-metrocurve
GR-278,MILANO,Guest Room Sets,features,Sofa 2-seater,/admin/p/patara-milano
GR-279,MINI BOSTON,Guest Room Sets,colours features,ARMCHAIR,/admin/p/patara-mini-boston
GR-280,MONO,Guest Room Sets,dimensions features,Sofas & Recliners,/admin/p/practika-mono
GR-281,MOSS LOUNGE CHAIR,Guest Room Sets,colours features,Lounge Seating,/admin/p/practika-moss-lounge-chair
GR-282,MOUNTFORD SOFA BED,Guest Room Sets,colours features,Sofas & Recliners,/admin/p/practika-mountford-sofa-bed
GR-283,MOUTH,Guest Room Sets,features,Lounge Seating,/admin/p/practika-mouth
GR-284,MT1,Guest Room Sets,material colours features,Coffee table,/admin/p/nat-mt1
GR-285,MUFFIN,Guest Room Sets,features,Lounge Seating,/admin/p/practika-muffin
GR-286,MUNICH,Guest Room Sets,features,Sofa 2-seater,/admin/p/mass-mono-munich
GR-287,N-70180,Guest Room Sets,dimensions material colours,เคาน์เตอร์จำหน่ายบัตร,/admin/p/nat-n-70180
GR-288,NAGANO,Guest Room Sets,features,Lounge Seating,/admin/p/practika-nagano
GR-289,NBCT6060,Guest Room Sets,features,Side table,/admin/p/perfect-nbct6060
GR-290,NBCT9060,Guest Room Sets,features,Coffee table,/admin/p/perfect-nbct9060
GR-291,NERD SOFA,Guest Room Sets,colours features,Sofas & Recliners,/admin/p/practika-nerd-sofa
GR-292,NEW JERSEY,Guest Room Sets,features,Sofa 1-seater,/admin/p/patara-new-jersey
GR-293,NEW JERSEY GOLD,Guest Room Sets,features,Sofa 1-seater,/admin/p/patara-new-jersey-gold
GR-294,NOIR LOUNGE CHAIR,Guest Room Sets,colours features,Lounge Seating,/admin/p/practika-noir-lounge-chair
GR-295,NORDIC,Guest Room Sets,colours features,Lounge Seating,/admin/p/practika-nordic
GR-296,NOVA,Guest Room Sets,features,Lounge Seating,/admin/p/practika-nova
GR-297,OLIVE,Guest Room Sets,features,Lounge Seating,/admin/p/practika-olive
GR-298,OP-T-6060,Guest Room Sets,features,Side table,/admin/p/patara-op-t-6060
GR-299,OP-T-9060,Guest Room Sets,features,Coffee table,/admin/p/patara-op-t-9060
GR-300,OP-WOOD/1,Guest Room Sets,features,Sofa 1-seater,/admin/p/patara-op-wood-1
GR-301,OP-WOOD/3,Guest Room Sets,features,Sofa 3-seater,/admin/p/patara-op-wood-3
GR-302,ORBITY,Guest Room Sets,dimensions features,Lounge Seating,/admin/p/practika-orbity
GR-303,OVALE COFFEE TABLE,Guest Room Sets,colours features,Coffee & Side Tables,/admin/p/practika-ovale-coffee-table
GR-304,P 19/1,Guest Room Sets,features,Reception sofa 1-seater,/admin/p/mono-p-19-1
GR-306,P 19/2,Guest Room Sets,features,Reception sofa 2-seater,/admin/p/mono-p-19-2
GR-308,P 19/3,Guest Room Sets,features,Reception sofa 3-seater,/admin/p/mono-p-19-3
GR-310,P 21/ 1,Guest Room Sets,colours,Guest chair 1-seater,/admin/p/perfect-p-21-1
GR-311,P 21/2,Guest Room Sets,colours,Guest chair 2-seater,/admin/p/perfect-p-21-2
GR-312,P 22/1,Guest Room Sets,colours,Guest chair 1-seater,/admin/p/perfect-p-22-1
GR-313,P 22/2,Guest Room Sets,colours,Guest chair 2-seater,/admin/p/perfect-p-22-2
GR-314,P 22/3,Guest Room Sets,colours,Guest chair 3-seater,/admin/p/perfect-p-22-3
GR-315,P 23 / 1,Guest Room Sets,features,Reception sofa 1-seater,/admin/p/perfect-p-23-1
GR-316,P 23 / 2,Guest Room Sets,features,Reception sofa 2-seater,/admin/p/perfect-p-23-2
GR-317,P 23 / 3,Guest Room Sets,features,Reception sofa 3-seater,/admin/p/perfect-p-23-3
GR-318,P 24/1,Guest Room Sets,colours,Guest chair 1-seater,/admin/p/perfect-p-24-1
GR-319,P 24/3,Guest Room Sets,colours,Guest chair 3-seater,/admin/p/perfect-p-24-3
GR-320,P 27/1,Guest Room Sets,colours,Guest chair 1-seater,/admin/p/perfect-p-27-1
GR-321,P 27/3,Guest Room Sets,colours,Guest chair 3-seater,/admin/p/perfect-p-27-3
GR-322,P 28 / 1,Guest Room Sets,colours features,Reception sofa 1-seater,/admin/p/perfect-p-28-1
GR-323,P 28 / 2,Guest Room Sets,colours features,Reception sofa 2-seater,/admin/p/perfect-p-28-2
GR-324,P 28 / 3,Guest Room Sets,colours features,Reception sofa 3-seater,/admin/p/perfect-p-28-3
GR-325,PAMELA 6055,Guest Room Sets,features,โต๊ะกลางท๊อปทรงกลม,/admin/p/patara-pamela-6055
GR-326,PAMELA 8655,Guest Room Sets,features,โต๊ะกลางท๊อปทรงวงรี,/admin/p/patara-pamela-8655
GR-327,PARIS-SOFA,Guest Room Sets,features,Sofa 2-seater,/admin/p/patara-paris-sofa
GR-328,PASSION / 1,Guest Room Sets,colours,Guest chair 1-seater,/admin/p/perfect-passion-1
GR-329,PASSION / 3,Guest Room Sets,colours,Guest chair 3-seater,/admin/p/perfect-passion-3
GR-330,PC1,Guest Room Sets,material colours,เก้าอี้รับรองขาตาย,/admin/p/nat-pc1
GR-331,PCT1,Guest Room Sets,dimensions material colours,เคาน์เตอร์ประชาสัมพันธ์,/admin/p/nat-pct1
GR-332,"PENDULUM CONSOLE , COFFEE AND SIDE TABLE",Guest Room Sets,features,Coffee & Side Tables,/admin/p/practika-pendulum-console-coffee-and-side-table
GR-333,PENNY SIDE TABLE,Guest Room Sets,dimensions colours features,Coffee & Side Tables,/admin/p/practika-penny-side-table
GR-334,PETER,Guest Room Sets,colours,EASY CHAIR,/admin/p/patara-peter
GR-335,PICKIE COFFEE TABLE,Guest Room Sets,colours features,Coffee & Side Tables,/admin/p/practika-pickie-coffee-table
GR-336,PIEMONT,Guest Room Sets,features,EASY CHAIR,/admin/p/patara-piemont
GR-338,PIXELES-T,Guest Room Sets,features,Coffee table,/admin/p/patara-pixeles-t
GR-339,PIXELS / T,Guest Room Sets,features,โต๊ะกลางท๊อปทรงกลม,/admin/p/patara-pixels-t
GR-340,PLATFORM COFFEE TABLE,Guest Room Sets,colours features,Coffee & Side Tables,/admin/p/practika-platform-coffee-table
GR-341,POMELO SIDE TABLE,Guest Room Sets,colours features,Coffee & Side Tables,/admin/p/practika-pomelo-side-table
GR-342,PRISM COFFEE AND SIDE TABLE,Guest Room Sets,features,Coffee & Side Tables,/admin/p/practika-prism-coffee-and-side-table
GR-343,PUMA,Guest Room Sets,colours,เคาน์เตอร์สูง ชนิดตรง,/admin/p/mono-puma
GR-344,PUMA-1460,Guest Room Sets,colours features,เคาน์เตอร์สูง ชนิดตรง,/admin/p/mono-puma-1460
GR-345,PUMA-8060,Guest Room Sets,colours features,เคาน์เตอร์สูง ชนิดตรง,/admin/p/mono-puma-8060
GR-346,PUMA-CN/L,Guest Room Sets,colours features,เคาน์เตอร์สูง ต่อเข้ามุมซ้าย,/admin/p/mono-puma-cn-l
GR-347,PUMA-CN/R,Guest Room Sets,colours features,เคาน์เตอร์สูง ต่อเข้ามุมขวา,/admin/p/mono-puma-cn-r
GR-348,RAMBAGH GROUP SOFA,Guest Room Sets,dimensions colours features,Sofas & Recliners,/admin/p/practika-rambagh-group-sofa
GR-349,RASHEL,Guest Room Sets,features,Lounge Seating,/admin/p/practika-rashel
GR-350,RECIPE,Guest Room Sets,features,Lounge Seating,/admin/p/practika-recipe
GR-351,REPUBLIC SOFA,Guest Room Sets,features,Sofas & Recliners,/admin/p/practika-republic-sofa
GR-352,RIPPLE COFFEE TABLE,Guest Room Sets,features,Coffee & Side Tables,/admin/p/practika-ripple-coffee-table
GR-353,RISE,Guest Room Sets,colours features,ARMCHAIR,/admin/p/patara-rise
GR-354,RITA-C,Guest Room Sets,colours features,ARMCHAIR,/admin/p/patara-rita-c
GR-355,RITA-W,Guest Room Sets,features,ARMCHAIR,/admin/p/patara-rita-w
GR-356,ROSEMARY,Guest Room Sets,colours features,Sofa 2-seater,/admin/p/patara-rosemary
GR-357,RUBIC SPACE GROUP SOFA,Guest Room Sets,colours features,Sofas & Recliners,/admin/p/practika-rubic-space-group-sofa
GR-359,RYAN,Guest Room Sets,features,Lounge Seating,/admin/p/practika-ryan
GR-360,S-1,Guest Room Sets,material,Sofa 1-seater,/admin/p/nat-s-1
GR-361,S-1,Guest Room Sets,material colours,Sofa 1-seater S-1,/admin/p/nat-s-1-2
GR-362,S1,Guest Room Sets,material colours,ชุดโซฟารับแขกห้องอธิการบดีและนายกสภาฯ,/admin/p/nat-s1-3
GR-363,S1,Guest Room Sets,material colours,SOFA 3-seater,/admin/p/nat-s1-4
GR-364,S1,Guest Room Sets,material colours,Sofa 1-seater,/admin/p/nat-s1-5
GR-365,S-2,Guest Room Sets,material,Sofa 3-seater,/admin/p/nat-s-2
GR-366,S2,Guest Room Sets,material colours,Chair,/admin/p/nat-s2-2
GR-367,S2,Guest Room Sets,material colours,ชุดโซฟารับแขกห้องรองอธิการบดี,/admin/p/nat-s2-3
GR-368,S2,Guest Room Sets,material colours,อาร์มแชร์,/admin/p/nat-s2-4
GR-369,S2,Guest Room Sets,material colours,Sofa 2-seater,/admin/p/nat-s2-5
GR-370,S-3,Guest Room Sets,material colours,Sofa Bed S-3,/admin/p/nat-s-3-2
GR-371,S3,Guest Room Sets,material colours,ชุดโซฟารับแขกผู้อำนวยการและผู้ช่วยรองอธิการบดี,/admin/p/nat-s3-3
GR-372,S3,Guest Room Sets,material colours,Sofa 3-seater,/admin/p/nat-s3-4
GR-373,S-4,Guest Room Sets,material colours,Guest chair S-4,/admin/p/nat-s-4
GR-374,S4,Guest Room Sets,material,ชุดรับแขกแบบ 3 ที่นั่ง,/admin/p/nat-s4-2
GR-375,S4A,Guest Room Sets,colours features,Sofa 2-seater,/admin/p/patara-s4a
GR-376,S5,Guest Room Sets,material colours,Sofa 3-seater,/admin/p/nat-s5
GR-377,S6.1,Guest Room Sets,material,Sofa 1-seater,/admin/p/nat-s6-1
GR-378,S6.2,Guest Room Sets,material,Sofa 3-seater,/admin/p/nat-s6-2
GR-379,SAFRA SOFA,Guest Room Sets,colours features,Sofas & Recliners,/admin/p/practika-safra-sofa
GR-380,SCULPT LOUNGE CHAIR,Guest Room Sets,colours features,Lounge Seating,/admin/p/practika-sculpt-lounge-chair
GR-381,SF0083,Guest Room Sets,material colours features,โซฟา,/admin/p/thaitaiyo-sf0083
GR-382,SF-01,Guest Room Sets,material,STOOL 4เหลี่ยม เบาะฟุ้มผ้า F1/BODY หุ้มผ้า F1,/admin/p/nat-sf-01
GR-383,SF011,Guest Room Sets,material colours,โซฟา 1 ที่นั่ง รุ่น SF011,/admin/p/nat-sf011
GR-384,SF012,Guest Room Sets,material colours features,โซฟา,/admin/p/thaitaiyo-sf012
GR-385,SF013,Guest Room Sets,material colours features,โซฟา,/admin/p/thaitaiyo-sf013
GR-386,SF022,Guest Room Sets,material colours features,โซฟา,/admin/p/thaitaiyo-sf022
GR-387,SF-03,Guest Room Sets,material colours,โซฟา 3 ที่นั่งขาโครเมี่ยม,/admin/p/nat-sf-03
GR-388,SF031,Guest Room Sets,material colours features,โซฟา,/admin/p/thaitaiyo-sf031
GR-389,SF-04,Guest Room Sets,material colours,โซฟา1 ที่นั่ง ด้านซ้าย,/admin/p/nat-sf-04
GR-390,SF042,Guest Room Sets,material colours features,โซฟา,/admin/p/thaitaiyo-sf042
GR-391,SF-06,Guest Room Sets,material colours,Sofa 1-seater,/admin/p/nat-sf-06
GR-392,SF063,Guest Room Sets,material colours features,โซฟา,/admin/p/thaitaiyo-sf063
GR-393,SF-07,Guest Room Sets,material colours,โซฟา MSF3S หุ้มC2,/admin/p/nat-sf-07
GR-394,SF070,Guest Room Sets,material colours features,โซฟา,/admin/p/thaitaiyo-sf070
GR-395,SF-09,Guest Room Sets,material,SOFA INFINI ¼,/admin/p/nat-sf-09
GR-396,SF090-1,Guest Room Sets,material colours features,โซฟา,/admin/p/thaitaiyo-sf090-1
GR-397,SF090-2,Guest Room Sets,material colours features,โซฟา,/admin/p/thaitaiyo-sf090-2
GR-398,SF092,Guest Room Sets,material colours features,โซฟา,/admin/p/thaitaiyo-sf092
GR-399,SF092X,Guest Room Sets,material colours features,โซฟา,/admin/p/thaitaiyo-sf092x
GR-400,SF-1,Guest Room Sets,material colours features,โซฟาส่วนโถง,/admin/p/nat-sf-1
GR-401,SF1,Guest Room Sets,material colours,SF1,/admin/p/nat-sf1
GR-402,SF1,Guest Room Sets,material colours,Reception sofa 1-seater SF 1,/admin/p/nat-sf1-2
GR-403,SF1,Guest Room Sets,material,Sofa 1-seater,/admin/p/nat-sf1-3
GR-404,SF2,Guest Room Sets,material colours,Reception sofa 3-seater SF2,/admin/p/nat-sf2
GR-405,SF2,Guest Room Sets,material colours,SF2,/admin/p/nat-sf2-2
GR-406,SF2,Guest Room Sets,material colours,Sofa 2-seater,/admin/p/nat-sf2-3
GR-407,SF2,Guest Room Sets,material colours,Sofa,/admin/p/nat-sf2-4
GR-408,SF-3,Guest Room Sets,material colours features,"โซฟา PATIO, LIBRARY, ห้องพักอาจารย์",/admin/p/nat-sf-3
GR-409,SF3,Guest Room Sets,material,Reception sofa 3-seater,/admin/p/nat-sf3
GR-410,SF4,Guest Room Sets,material colours,Sofa,/admin/p/nat-sf4
GR-411,SF5,Guest Room Sets,material,Side table,/admin/p/nat-sf5
GR-412,SF6,Guest Room Sets,material,Coffee table,/admin/p/nat-sf6
GR-413,SF7,Guest Room Sets,material colours,Sofa,/admin/p/nat-sf7
GR-414,SG 1,Guest Room Sets,colours features,Side table,/admin/p/perfect-sg-1
GR-415,SHINE/B,Guest Room Sets,colours features,Coffee table,/admin/p/perfect-shine-b
GR-416,SHINE/S,Guest Room Sets,colours features,Side table,/admin/p/perfect-shine-s
GR-417,SIDE TABLE SNEAKERS,Guest Room Sets,features,Coffee & Side Tables,/admin/p/practika-side-table-sneakers
GR-418,SKORPIO RECLINER,Guest Room Sets,colours features,Sofas & Recliners,/admin/p/practika-skorpio-recliner
GR-419,SLANT,Guest Room Sets,dimensions colours features,Lounge Seating,/admin/p/practika-slant
GR-420,SLEEKLINE,Guest Room Sets,features,Sofas & Recliners,/admin/p/practika-sleekline
GR-421,SO-01,Guest Room Sets,material,Sofa 2-seater,/admin/p/nat-so-01
GR-422,SO-04,Guest Room Sets,material colours,Sofa 3-seater,/admin/p/nat-so-04
GR-423,SO1,Guest Room Sets,material colours,โซฟาดำ 3 ที่นั่ง,/admin/p/nat-so1
GR-424,SO2,Guest Room Sets,material colours,โซฟาดำ 1 ที่นั่ง,/admin/p/nat-so2
GR-425,SO4,Guest Room Sets,material colours,โซฟาดำ 1 ที่นั่ง ชั้น 4,/admin/p/nat-so4
GR-426,SO5,Guest Room Sets,material colours,ชุดโซฟาตัวLซ้าย ชั้น4,/admin/p/nat-so5
GR-427,SOFA-06-02,Guest Room Sets,features,Sofa 2-seater,/admin/p/patara-sofa-06-02
GR-428,SOLID/1,Guest Room Sets,colours features,Reception sofa 1-seater,/admin/p/perfect-solid-1
GR-429,SOLID/2,Guest Room Sets,colours features,Reception sofa 2-seater,/admin/p/perfect-solid-2
GR-430,SOLID/3,Guest Room Sets,colours features,Reception sofa 3-seater,/admin/p/perfect-solid-3
GR-431,SONIC,Guest Room Sets,features,SOFAS SET,/admin/p/mobelle-sonic
GR-432,SPIDER COFFEE AND SIDE TABLE,Guest Room Sets,features,Coffee & Side Tables,/admin/p/practika-spider-coffee-and-side-table
GR-433,SPRING,Guest Room Sets,features,Lounge Seating,/admin/p/practika-spring
GR-434,STANLEY,Guest Room Sets,features,Lounge Seating,/admin/p/practika-stanley
GR-435,STEP COFFEE TABLE,Guest Room Sets,colours features,Coffee & Side Tables,/admin/p/practika-step-coffee-table
GR-436,STRIPS,Guest Room Sets,colours,ARMCHAIR,/admin/p/patara-strips
GR-437,T-05,Guest Room Sets,material colours,Coffee table,/admin/p/nat-t-05
GR-438,T 10,Guest Room Sets,features,Side table,/admin/p/perfect-t-10
GR-439,T 11,Guest Room Sets,features,Coffee table,/admin/p/perfect-t-11
GR-440,T 16,Guest Room Sets,features,Coffee table,/admin/p/perfect-t-16
GR-441,T 17,Guest Room Sets,features,Side table,/admin/p/perfect-t-17
GR-442,T3,Guest Room Sets,material colours,Side table,/admin/p/nat-t3-3
GR-443,T3,Guest Room Sets,material colours,Coffee table,/admin/p/nat-t3-5
GR-444,T3,Guest Room Sets,features,Coffee table,/admin/p/perfect-t3
GR-445,T4,Guest Room Sets,features,Side table,/admin/p/perfect-t4
GR-446,T-6,Guest Room Sets,material colours,Coffee table,/admin/p/nat-t-6-2
GR-447,T-8,Guest Room Sets,material features,โต๊ะข้างท็อปกระจก,/admin/p/nat-t-8
GR-448,T-ABLE COFFEE AND SIDE TABLE,Guest Room Sets,colours features,Coffee & Side Tables,/admin/p/practika-t-able-coffee-and-side-table
GR-449,TALA,Guest Room Sets,dimensions features,Sofas & Recliners,/admin/p/practika-tala
GR-450,TB / 1,Guest Room Sets,features,Sofa 1-seater,/admin/p/patara-tb-1
GR-451,TB / 2,Guest Room Sets,features,Sofa 2-seater,/admin/p/patara-tb-2
GR-453,TG 3,Guest Room Sets,features,Side table,/admin/p/perfect-tg-3
GR-454,TG 4,Guest Room Sets,features,Coffee table,/admin/p/perfect-tg-4
GR-457,TIMBER COFFEE AND SIDE TABLE,Guest Room Sets,colours features,Coffee & Side Tables,/admin/p/practika-timber-coffee-and-side-table
GR-458,TIMELINE / B,Guest Room Sets,features,Coffee table,/admin/p/perfect-timeline-b
GR-459,TIMELINE / S,Guest Room Sets,features,Side table,/admin/p/perfect-timeline-s
GR-460,T-LEX SIDE TABLE,Guest Room Sets,features,Coffee & Side Tables,/admin/p/practika-t-lex-side-table
GR-461,T-RAK SIDE TABLE,Guest Room Sets,features,Coffee & Side Tables,/admin/p/practika-t-rak-side-table
GR-462,TRIAD SEMI-OUTDOOR CHAIR,Guest Room Sets,features,Lounge Seating,/admin/p/practika-triad-semi-outdoor-chair
GR-463,TRIPO SIDE TABLE,Guest Room Sets,features,Coffee & Side Tables,/admin/p/practika-tripo-side-table
GR-464,T-STANDING SIDE TABLE,Guest Room Sets,features,Coffee & Side Tables,/admin/p/practika-t-standing-side-table
GR-465,TUNG LOUNGE CHAIR,Guest Room Sets,features,Lounge Seating,/admin/p/practika-tung-lounge-chair
GR-466,TURRA,Guest Room Sets,features,Lounge Seating,/admin/p/practika-turra
GR-467,UN 1,Guest Room Sets,features,Guest chair 1-seater,/admin/p/perfect-un-1
GR-468,UN 2,Guest Room Sets,features,Guest chair 2-seater,/admin/p/perfect-un-2
GR-469,UN 3,Guest Room Sets,features,Guest chair 3-seater,/admin/p/perfect-un-3
GR-470,UN / CN,Guest Room Sets,features,เก้าอี้รับแขก ขนาด 1 ที่นั่ง แบบเข้ามุม 90 องศา,/admin/p/perfect-un-cn
GR-471,UNIF,Guest Room Sets,features,Sofa 2-seater,/admin/p/mobelle-unif
GR-472,UNION GROUP SOFA,Guest Room Sets,dimensions colours features,Sofas & Recliners,/admin/p/practika-union-group-sofa
GR-473,UNITE,Guest Room Sets,features,Sofas & Recliners,/admin/p/practika-unite
GR-474,VENICE,Guest Room Sets,features,โต๊ะกลาง 3 ขา หน้าท็อปกลมผิวเงา,/admin/p/mass-mono-venice
GR-475,VICTORIA,Guest Room Sets,features,Sofa 1-seater,/admin/p/patara-victoria
GR-476,violet,Guest Room Sets,features,Armchair,/admin/p/mass-mono-violet
GR-477,VOYAGE,Guest Room Sets,dimensions features,Lounge Seating,/admin/p/practika-voyage
GR-478,WALDEN : SEMI-OUTDOOR CHAIR,Guest Room Sets,features,Lounge Seating,/admin/p/practika-walden-semi-outdoor-chair
GR-480,WISDOM / 1,Guest Room Sets,colours features,Sofa 1-seater,/admin/p/patara-wisdom-1
GR-481,WISDOM / 2,Guest Room Sets,colours features,Sofa 2-seater,/admin/p/patara-wisdom-2
GR-483,XAVIOR,Guest Room Sets,colours features,Lounge Seating,/admin/p/practika-xavior
GR-484,YACHT SOFA,Guest Room Sets,colours features,Sofas & Recliners,/admin/p/practika-yacht-sofa
GR-485,YAWL SOFA,Guest Room Sets,features,Sofas & Recliners,/admin/p/practika-yawl-sofa
GR-486,ZEVIER,Guest Room Sets,dimensions colours features,Lounge Seating,/admin/p/practika-zevier
GR-487,ZIONA COFFEE TABLE,Guest Room Sets,dimensions colours features,Coffee & Side Tables,/admin/p/practika-ziona-coffee-table
PT-01,ฉากกั้นสำเร็จรูปแบบผนังครึ่งกระจก+ชุดต่อมุมฉาก,Partition Screens,dimensions material colours,ฉากกั้นสำเร็จรูปแบบผนังครึ่งกระจก+ชุดต่อมุมฉาก,/admin/p/nat-chak-kan-samret-rupbaep-phanang-khrueng-kratk-chut-to-mumchak
PT-02,มินิสกรีน แบบครึ่งกระจกขัดลาย,Partition Screens,dimensions material colours,มินิสกรีน แบบครึ่งกระจกขัดลาย,/admin/p/nat-mini-sakrin-baep-khrueng-kratk-khat-lai
PT-03,2MS11WF,Partition Screens,material colours features,แผงกั้น & อุปกรณ์,/admin/p/thaitaiyo-2ms11wf
PT-04,CUBLIC SPACE,Partition Screens,colours features,"PARTITION, SCREEN & MODESTY",/admin/p/practika-cublic-space
PT-05,D14,Partition Screens,material colours,ฉากกั้นโต๊ะทำงาน,/admin/p/nat-d14
PT-06,DASMSW0715,Partition Screens,colours features,ฉากกั้นบวกแผ่นบังตา ไม้ แบบเดี่ยว,/admin/p/perfect-dasmsw0715
PT-07,F23,Partition Screens,dimensions material colours,แผง PATITION เมลามีน แบบมีกล่องร้อยสายไฟด้านล่าง แบบแผงกระจก ขัดลาย,/admin/p/nat-f23
PT-08,F24,Partition Screens,material colours,ฉากกั้นสำเร็จรูปกึ่งกระจกใส,/admin/p/nat-f24-2
PT-09,F25,Partition Screens,material colours,ฉากกั้นสำเร็จรูปกึ่งกระจกใส,/admin/p/nat-f25-2
PT-10,FA-HUEAN PARTITION,Partition Screens,features,"PARTITION, SCREEN & MODESTY",/admin/p/practika-fa-huean-partition
PT-11,HB-MS02G,Partition Screens,material colours features,แผงกั้น & อุปกรณ์,/admin/p/thaitaiyo-hb-ms02g
PT-12,HB-MS120WTF,Partition Screens,material colours features,แผงกั้น & อุปกรณ์,/admin/p/thaitaiyo-hb-ms120wtf
PT-13,HB-MS160WTF,Partition Screens,material colours features,แผงกั้น & อุปกรณ์,/admin/p/thaitaiyo-hb-ms160wtf
PT-14,HB-MS180WTF,Partition Screens,material colours features,แผงกั้น & อุปกรณ์,/admin/p/thaitaiyo-hb-ms180wtf
PT-15,LEMANN,Partition Screens,colours features,"PARTITION, SCREEN & MODESTY",/admin/p/practika-lemann
PT-16,LF-05,Partition Screens,material,ฉากกั้นสำนักงานสำเร็จรูป,/admin/p/nat-lf-05-2
PT-17,MCR-105,Partition Screens,colours features,Partition,/admin/p/mono-mcr-105
PT-18,MERITS,Partition Screens,colours features,"PARTITION, SCREEN & MODESTY",/admin/p/practika-merits
PT-19,P-01,Partition Screens,material colours,LOW PARTITION,/admin/p/nat-p-01
PT-20,P1,Partition Screens,material colours,PARTITION แบบทึบหุ้มผ้า / กระจก,/admin/p/nat-p1-2
PT-21,P1,Partition Screens,material colours,แผง PATITION แบบแผงกระจกใส สูง 1.20 ม.,/admin/p/nat-p1-4
PT-22,P1,Partition Screens,material colours,พาทิชั่นกระจกขัดลาย,/admin/p/nat-p1-5
PT-23,P1,Partition Screens,material colours,พาทิชั่น แบบทึบ,/admin/p/nat-p1-6
PT-24,P2,Partition Screens,material colours,PARTITION แบบทึบหุ้มผ้า / กระจก,/admin/p/nat-p2-2
PT-25,P2,Partition Screens,material colours,แผง PATITION แบบแผงกระจกใส สูง 1.20 ม.,/admin/p/nat-p2-3
PT-26,P2,Partition Screens,material colours,พาทิชั่น แบบทึบ,/admin/p/nat-p2-4
PT-27,P-21,Partition Screens,material colours,บังตาสำหรับโต๊ะขา O 160W (130X30),/admin/p/nat-p-21
PT-28,PA-01,Partition Screens,dimensions material,PARTITION,/admin/p/nat-pa-01
PT-29,PLATO,Partition Screens,dimensions colours features,"PARTITION, SCREEN & MODESTY",/admin/p/practika-plato
PT-30,PT1,Partition Screens,dimensions material colours,เสาจับ (Partition),/admin/p/nat-pt1
PT-31,PT1,Partition Screens,material colours,มินิสกรีน,/admin/p/nat-pt1-2
PT-32,PT2,Partition Screens,dimensions material colours,เสาจับ Partition พร้อมขาตั้งฉาก,/admin/p/nat-pt2
PT-33,SCREEN-01,Partition Screens,dimensions material colours,แผ่นสกรีนกั้นระหว่างโต๊ะ,/admin/p/nat-screen-01
PT-34,SCREEN-02,Partition Screens,dimensions material colours,แผ่นสกรีนกั้นระหว่างโต๊ะ,/admin/p/nat-screen-02
PT-35,X1.80,Partition Screens,material,PARTITION ชั้นใต้ดิน,/admin/p/nat-x1-80
SH-ST-01,ชั้นเหล็กเก็บเอกสาร,Steel Shelves,dimensions colours,ชั้นเหล็กเก็บเอกสาร,/admin/p/nat-chan-elk-kep-eksan
SH-ST-02,ชั้นวางของ,Steel Shelves,colours features,ชั้นวางของ,/admin/p/nat-chanwangkhong
SH-ST-04,C6,Steel Shelves,colours,ชั้นวางของ MICRO RACK,/admin/p/nat-c6-2
SH-ST-05,F1,Steel Shelves,colours,ชั้นเก็บพัสดุภัณฑ์ 4 ชั้น,/admin/p/nat-f1-3
SH-ST-06,F26,Steel Shelves,colours,ชั้นวางหนังสือ,/admin/p/nat-f26
SH-ST-07,F28,Steel Shelves,colours,ชั้นวางขายสินค้า,/admin/p/nat-f28
SH-ST-08,FF-25,Steel Shelves,dimensions colours,ชั้นวางของเหล็ก,/admin/p/nat-ff-25
SH-ST-09,IEM-101,Steel Shelves,colours,ชั้นวางของ รุ่น IEM-101(S),/admin/p/nat-iem-101
SH-ST-10,IEM-102,Steel Shelves,colours,ชั้นวางของ รุ่น IEM-102(S),/admin/p/nat-iem-102
SH-ST-11,IEM-201,Steel Shelves,colours,ชั้นวางของ รุ่น IEM-201(S),/admin/p/nat-iem-201
SH-ST-12,IES-001,Steel Shelves,colours,IES 01 ชั้นเก็บพัสดุภัณฑ์ 5 ชั้น,/admin/p/nat-ies-001
SH-ST-13,IES-60240,Steel Shelves,colours,ชั้นเก็บพัสดุภัณฑ์ 3ชั้น,/admin/p/nat-ies-60240
SH-ST-14,LF-401,Steel Shelves,dimensions colours,ชั้นวางของ,/admin/p/nat-lf-401
SH-ST-15,LF-402,Steel Shelves,dimensions colours,ชั้นวางของ,/admin/p/nat-lf-402
SH-ST-16,M1,Steel Shelves,colours,ชั้นเหล็กวางเอกสาร,/admin/p/nat-m1
SH-ST-17,S-327N,Steel Shelves,colours,ชั้นวางของ รุ่น S-327(N),/admin/p/nat-s-327n
SH-ST-18,X2.25X2.35,Steel Shelves,colours,ชั้นวางของโครงเหล็ก,/admin/p/nat-x2-25x2-35
SH-ST-19,X3.75X2.35,Steel Shelves,colours,ชั้นวางของโครงเหล็ก,/admin/p/nat-x3-75x2-35
SH-ST-20,X5.4X3,Steel Shelves,colours,ชั้นวางของโครงเหล็ก,/admin/p/nat-x5-4x3
SH-WD-01,ชั้นวางของและรองเท้าสูง,Wooden Shelves,colours,ชั้นวางของและรองเท้าสูง,/admin/p/nat-chanwangkhong-lae-rongthao-sung
SH-WD-02,ชั้นวางของห้องเก็บของ,Wooden Shelves,colours,ชั้นวางของห้องเก็บของ,/admin/p/nat-chanwangkhong-ongkepkhong
SH-WD-03,ชั้นวางของ 3 ชั้น,Wooden Shelves,colours features,ชั้นวางของ 3 ชั้น,/admin/p/nat-chanwangkhong-3-chan
SH-WD-04,ชั้นเก็บพัสดุภัณฑ์ 4 ชั้น,Wooden Shelves,colours,ชั้นเก็บพัสดุภัณฑ์ 4 ชั้น,/admin/p/nat-chan-kep-phatdupha-4-chan
SH-WD-05,ชั้นสเตนเลส 4 ชั้น,Wooden Shelves,material range-guessed,ชั้นสเตนเลส 4 ชั้น,/admin/p/nat-chan-satenlet-4-chan
SH-WD-06,CB-4,Wooden Shelves,features,ชั้นวางหนังสือ,/admin/p/nat-cb-4
SH-WD-07,F20,Wooden Shelves,colours,ชั้นวางทีวีและเก็บของ,/admin/p/nat-f20
SH-WD-08,F23,Wooden Shelves,colours,ชั้นเก็บของ,/admin/p/nat-f23-2
SH-WD-09,LF-34,Wooden Shelves,colours,ชั้นเก็บเอกสาร,/admin/p/nat-lf-34
SH-WD-10,S337,Wooden Shelves,colours,ชั้นวางหนังสือ Model S-337,/admin/p/nat-s337
ST-01,D15,Sliding Track Cabinets / Mobile Shelving,material,ตู้เอกสารแบบมีรางเลื่อน,/admin/p/nat-d15
ST-02,F-47,Sliding Track Cabinets / Mobile Shelving,dimensions material colours,MOBILE STORAGE CABINETS,/admin/p/nat-f-47
ST-03,F7,Sliding Track Cabinets / Mobile Shelving,material colours,ตู้รางเลื่อนเก็บของ,/admin/p/nat-f7
ST-04,IEM-104,Sliding Track Cabinets / Mobile Shelving,dimensions material colours,รางเลื่อน รุ่น IEM-104(S),/admin/p/nat-iem-104
ST-05,IEM-204,Sliding Track Cabinets / Mobile Shelving,dimensions material colours,รางเลื่อน รุ่น IEM-204(S),/admin/p/nat-iem-204
TB-MT-01,แผ่นต่อมุม,Meeting Tables,colours,แผ่นต่อมุม,/admin/p/nat-phaen-to-mum
TB-MT-02,โพเดี่ยมยืนสอนหน้าห้อง,Meeting Tables,colours,โพเดี่ยมยืนสอนหน้าห้อง,/admin/p/nat-pho-diam-yuen-son-na-ong
TB-MT-03,โต๊ะเข้ามุมสำหรับชุดห้องประชุม,Meeting Tables,dimensions colours,โต๊ะเข้ามุมสำหรับชุดห้องประชุม,/admin/p/nat-to-khaomum-samrap-chut-ongprachum
TB-MT-04,โต๊ะห้องประชุม ขาเหล็ก,Meeting Tables,colours,โต๊ะห้องประชุม ขาเหล็ก,/admin/p/nat-to-ongprachum-kha-elk
TB-MT-05,โต๊ะประชุม,Meeting Tables,colours,Meeting table,/admin/p/nat-toprachum
TB-MT-06,โต๊ะประชุม,Meeting Tables,dimensions colours features,Meeting table,/admin/p/nat-toprachum-2
TB-MT-07,โต๊ะประชุม,Meeting Tables,colours,Meeting table,/admin/p/nat-toprachum-3
TB-MT-08,โต๊ะประชุมรูปทรงเรือใบ,Meeting Tables,dimensions colours,โต๊ะประชุมรูปทรงเรือใบ,/admin/p/nat-toprachum-ruptnng-rueabai
TB-MT-09,โต๊ะประชุมสภา,Meeting Tables,colours,โต๊ะประชุมสภา,/admin/p/nat-toprachum-sapha
TB-MT-11,โต๊ะประชุมพร้อมเก้าอี้ (ขนาด 20 ที่นั่ง),Meeting Tables,colours,Meeting table with chair (20-seater),/admin/p/nat-toprachum-phrom-kaoi-khanat-20-thinang
TB-MT-12,2CF615,Meeting Tables,colours features,โต๊ะประชุม,/admin/p/thaitaiyo-2cf615
TB-MT-13,2CF618,Meeting Tables,colours features,โต๊ะประชุม,/admin/p/thaitaiyo-2cf618
TB-MT-14,2CFS2010,Meeting Tables,colours features,โต๊ะประชม,/admin/p/thaitaiyo-2cfs2010
TB-MT-15,2CFS2412,Meeting Tables,colours features,โต๊ะประชุม,/admin/p/thaitaiyo-2cfs2412
TB-MT-16,2WSCF-1560,Meeting Tables,colours features,ตัวต่อโค้งบุประชุม,/admin/p/thaitaiyo-2wscf-1560
TB-MT-17,ชุดโต๊ะประชุม สำหรับ 6-8 ที่นั่ง,Meeting Tables,colours,ชุดโต๊ะประชุม สำหรับ 6-8 ที่นั่ง,/admin/p/nat-chut-toprachum-samrap-6-8-thinang
TB-MT-18,A4,Meeting Tables,colours,Meeting table,/admin/p/nat-a4
TB-MT-19,A5,Meeting Tables,colours,Meeting table,/admin/p/nat-a5
TB-MT-20,APCB-2412,Meeting Tables,features,Meeting table boat-shaped 6-8-seater,/admin/p/mono-apcb-2412
TB-MT-21,APCB-2412+CTB-410,Meeting Tables,features,โต๊ะประชุมรูปท้องเรือ ขนาด 6-8 ที่นั่ง มีกล่องไฟอยู่ตรงกึ่งกลางท๊อป,/admin/p/mono-apcb-2412-ctb-410
TB-MT-22,APCB-3212,Meeting Tables,features,Meeting table boat-shaped 10-12-seater,/admin/p/mono-apcb-3212
TB-MT-23,APCB-3212+CTB-410,Meeting Tables,features,โต๊ะประชุมรูปท้องเรือ ขนาด 6-8 ที่นั่ง มีกล่องไฟอยู่ตรงกึ่งกลางท๊อป,/admin/p/mono-apcb-3212-ctb-410
TB-MT-24,APCB-3212/P+CTB-410,Meeting Tables,features,โต๊ะประชุมรูปท้องเรือ ขนาด 6-8 ที่นั่ง มีกล่องไฟอยู่ตรงกึ่งกลางท๊อป,/admin/p/mono-apcb-3212-p-ctb-410
TB-MT-25,ARIAL MEETING TABLE,Meeting Tables,colours features,Meeting & Boardroom Tables,/admin/p/practika-arial-meeting-table
TB-MT-26,ASCBAT 2412/G,Meeting Tables,features,Meeting table 8-seater,/admin/p/perfect-ascbat-2412-g
TB-MT-27,ASCOAT 3212,Meeting Tables,features,Meeting table 8-seater,/admin/p/perfect-ascoat-3212
TB-MT-28,ASCOAT 4012,Meeting Tables,features,Meeting table 10-12-seater,/admin/p/perfect-ascoat-4012
TB-MT-29,BLOOMBERG MEETING TABLE,Meeting Tables,features,Meeting & Boardroom Tables,/admin/p/practika-bloomberg-meeting-table
TB-MT-30,CF 140,Meeting Tables,features,โต๊ะประชุมโล่ง ต่อตรง,/admin/p/mono-cf-140
TB-MT-31,CF 210,Meeting Tables,features,โต๊ะประชุมโล่ง ต่อตรง,/admin/p/mono-cf-210
TB-MT-32,CF 80,Meeting Tables,features,โต๊ะประชุมโล่ง ต่อตรง,/admin/p/mono-cf-80
TB-MT-33,"CFC 126 / R , CFC 126 / L",Meeting Tables,features,โต๊ะประชุมเข้ามุม,/admin/p/mono-cfc-126-r-cfc-126-l
TB-MT-34,"CFC 60 / R , CFC 60 / L",Meeting Tables,features,โต๊ะประชุมเข้ามุม,/admin/p/mono-cfc-60-r-cfc-60-l
TB-MT-35,CNN-CF120-02,Meeting Tables,colours features,โต๊ะประชุม,/admin/p/thaitaiyo-cnn-cf120-02
TB-MT-36,CNN-CF200-01,Meeting Tables,colours features,โต๊ะประชุม,/admin/p/thaitaiyo-cnn-cf200-01
TB-MT-37,CNN-CF3212-00,Meeting Tables,colours features,โต๊ะประชุ,/admin/p/thaitaiyo-cnn-cf3212-00
TB-MT-38,DS-06,Meeting Tables,colours,โต๊ะห้องควบคุม,/admin/p/nat-ds-06
TB-MT-39,ES 120,Meeting Tables,features,โต๊ะประชุมผิวเงาแบบแยกชิ้น ชนิดท๊อปตรง,/admin/p/perfect-es-120
TB-MT-40,ES 80,Meeting Tables,features,โต๊ะประชุมผิวเงาแบบแยกชิ้น ชนิดท๊อปตรง,/admin/p/perfect-es-80
TB-MT-41,ES END80,Meeting Tables,features,ขาโต๊ะประชุมผิวเงา ( ตัวปิดจบสุดท้าย ),/admin/p/perfect-es-end80
TB-MT-42,ESR,Meeting Tables,features,โต๊ะประชุมผิวเงาแบบแยกชิ้น ชนิดท๊อปโค้งเข้ามุม,/admin/p/perfect-esr
TB-MT-43,F-06,Meeting Tables,colours,โต๊ะประชุมชั้นล่าง,/admin/p/nat-f-06-3
TB-MT-44,F-15,Meeting Tables,dimensions colours,Meeting table,/admin/p/nat-f-15-2
TB-MT-45,F15,Meeting Tables,colours,Meeting table,/admin/p/nat-f15
TB-MT-46,F-19,Meeting Tables,dimensions features,Meeting table,/admin/p/nat-f-19-2
TB-MT-48,FOSTER MEETING AND CONFERENCE TABLE,Meeting Tables,colours features,Meeting & Boardroom Tables,/admin/p/practika-foster-meeting-and-conference-table
TB-MT-49,HB-CF001K,Meeting Tables,colours features,โต๊ะประชุม,/admin/p/thaitaiyo-hb-cf001k
TB-MT-50,HB-CF02-2814,Meeting Tables,colours features,โต๊ะประชุม,/admin/p/thaitaiyo-hb-cf02-2814
TB-MT-51,HB-CF03-2010,Meeting Tables,colours features,โต๊ะประชุม,/admin/p/thaitaiyo-hb-cf03-2010
TB-MT-52,HB-CF03-2412,Meeting Tables,colours features,โต๊ะประชุม,/admin/p/thaitaiyo-hb-cf03-2412
TB-MT-53,โต๊ะประชุม รุ่น HB-CF04-216,Meeting Tables,colours,โต๊ะประชุม รุ่น HB-CF04-216,/admin/p/nat-toprachum-run-hb-cf-04-216
TB-MT-54,HB-CF04-3216,Meeting Tables,colours features,โต๊ะประชุม,/admin/p/thaitaiyo-hb-cf04-3216
TB-MT-55,HB-CF07-2012,Meeting Tables,colours features,โต๊ะประชุม,/admin/p/thaitaiyo-hb-cf07-2012
TB-MT-56,HB-CF08-2012,Meeting Tables,colours features,โต๊ะประชุม,/admin/p/thaitaiyo-hb-cf08-2012
TB-MT-57,INTEGRA MEETING AND CONFERENCE TABLE,Meeting Tables,colours features,Meeting & Boardroom Tables,/admin/p/practika-integra-meeting-and-conference-table
TB-MT-58,JACK - 200,Meeting Tables,colours features,Meeting table boat-shaped,/admin/p/mono-jack-200
TB-MT-59,JKCS-80,Meeting Tables,features,โต๊ะต่อท๊อปประชุม ทรงกลม,/admin/p/mono-jkcs-80
TB-MT-60,KURVE GROUP TABLE,Meeting Tables,colours features,Meeting & Boardroom Tables,/admin/p/practika-kurve-group-table
TB-MT-61,L10,Meeting Tables,colours,โต๊ะประชุม ขนาด 12 คน,/admin/p/nat-l10
TB-MT-62,LF-05,Meeting Tables,colours,LF -05 meeting table,/admin/p/nat-lf-05-4
TB-MT-64,M1,Meeting Tables,colours,Meeting table,/admin/p/nat-m1-2
TB-MT-65,MAREEL HIGH MEETING TABLE,Meeting Tables,colours features,Meeting & Boardroom Tables,/admin/p/practika-mareel-high-meeting-table
TB-MT-66,MTS 180,Meeting Tables,features,Meeting table boat-shaped,/admin/p/mono-mts-180
TB-MT-67,MTS 240,Meeting Tables,features,Meeting table boat-shaped,/admin/p/mono-mts-240
TB-MT-68,MTS 360,Meeting Tables,features,Meeting table boat-shaped,/admin/p/mono-mts-360
TB-MT-69,MUNICH-HEXAGON MEETING TABLE,Meeting Tables,colours features,Meeting & Boardroom Tables,/admin/p/practika-munich-hexagon-meeting-table
TB-MT-70,MUNICH MEETING TABLE,Meeting Tables,colours features,Meeting & Boardroom Tables,/admin/p/practika-munich-meeting-table
TB-MT-71,OBSIDIAN MEETING TABLE,Meeting Tables,features,Meeting & Boardroom Tables,/admin/p/practika-obsidian-meeting-table
TB-MT-72,PAMELA 7075,Meeting Tables,features,Meeting table round 2-seater,/admin/p/patara-pamela-7075
TB-MT-73,PTO-240,Meeting Tables,features,Meeting table 6-8-seater,/admin/p/mono-pto-240
TB-MT-74,PTO 310,Meeting Tables,features,Meeting table 8-10-seater,/admin/p/mono-pto-310
TB-MT-75,RTC 100,Meeting Tables,features,โต๊ะประชุมย่อย ขนาด 4 ที่นั่ง,/admin/p/mono-rtc-100
TB-MT-76,RTN-100,Meeting Tables,features,Meeting table round 4-seater,/admin/p/mono-rtn-100
TB-MT-77,SF-CFR,Meeting Tables,features,Meeting table 6-8-seater,/admin/p/perfect-sf-cfr
TB-MT-78,SPIRIT MEETING AND CONFERENCE TABLE,Meeting Tables,colours features,Meeting & Boardroom Tables,/admin/p/practika-spirit-meeting-and-conference-table
TB-MT-79,T10,Meeting Tables,colours,โต๊ะประชุมข้างห้องนายก อบจ.,/admin/p/nat-t10
TB-MT-80,T10.1,Meeting Tables,colours,Meeting table,/admin/p/nat-t10-1
TB-MT-81,T11,Meeting Tables,features,โต๊ะประชุมเข้ามุม,/admin/p/nat-t11
TB-MT-82,T12,Meeting Tables,colours,Meeting table,/admin/p/nat-t12
TB-MT-83,T12,Meeting Tables,features,โต๊ะประชุมท็อปตรง ขนาด 6-8 ที่นั่ง,/admin/p/nat-t12-2
TB-MT-84,T-13,Meeting Tables,colours,Meeting table 120X180,/admin/p/nat-t-13
TB-MT-85,T-14,Meeting Tables,dimensions colours,โต๊ะประชุมตรง 8- 10 ที่นั่ง/ปลั๊ก ขนาด 240WX120DX74.5H,/admin/p/nat-t-14
TB-MT-86,T-15.2,Meeting Tables,colours features,โต๊ะประชุมเข้ามุมโค้ง(ซ้าย) 900 R65X74,/admin/p/nat-t-15-2
TB-MT-87,T2,Meeting Tables,dimensions colours,โต๊ะประชุมท็อปกระจกขาเหล็ก,/admin/p/nat-t2
TB-MT-88,T3,Meeting Tables,colours,Meeting table,/admin/p/nat-t3
TB-MT-89,T3A,Meeting Tables,dimensions,โต๊ะประชุม(ห้องสมุด),/admin/p/nat-t3a
TB-MT-90,T3B,Meeting Tables,dimensions,โต๊ะประชุม(ห้องประชุมชั้น 1),/admin/p/nat-t3b
TB-MT-91,T-4,Meeting Tables,dimensions,Meeting table 6-seater,/admin/p/nat-t-4
TB-MT-92,T-5,Meeting Tables,dimensions colours,Meeting table 4-seater,/admin/p/nat-t-5
TB-MT-93,T-5,Meeting Tables,features,โต๊ะประชุมย่อย,/admin/p/nat-t-5-2
TB-MT-94,T5,Meeting Tables,colours features,โต๊ะประชุมขาเหล็ก,/admin/p/nat-t5-2
TB-MT-95,T5,Meeting Tables,colours,โต๊ะประชุมต่อตรง,/admin/p/nat-t5-3
TB-MT-97,T6,Meeting Tables,colours,โต๊ะประชุมรูปเรือใบ 6 ที่นั่ง,/admin/p/nat-t6
TB-MT-98,T7,Meeting Tables,dimensions colours,Meeting table,/admin/p/nat-t7-2
TB-MT-99,T7,Meeting Tables,colours,โต๊ะประชุม ในห้องทำงานนายก อบจ.,/admin/p/nat-t7-3
TB-MT-100,T8,Meeting Tables,colours,โต๊ะประชุมโค้ง,/admin/p/nat-t8-2
TB-MT-101,T8,Meeting Tables,colours,โต๊ะประชุมพับได้,/admin/p/nat-t8-4
TB-MT-102,T9,Meeting Tables,colours,Meeting table,/admin/p/nat-t9
TB-MT-103,T9,Meeting Tables,features,Meeting table,/admin/p/nat-t9-2
TB-MT-104,TA ชุดโต๊ะประชุม 12 ที่นั่ง,Meeting Tables,colours,TA ชุดโต๊ะประชุม 12 ที่นั่ง,/admin/p/nat-ta-chut-toprachum-12-thinang
TB-MT-106,TB5,Meeting Tables,colours,Meeting table TB5,/admin/p/nat-tb5
TB-MT-107,TB-9,Meeting Tables,colours,Meeting table,/admin/p/nat-tb-9
TB-MT-108,TC -180,Meeting Tables,features,Meeting table 6-8-seater,/admin/p/mono-tc-180
TB-MT-109,TC -240,Meeting Tables,features,Meeting table 8-10-seater,/admin/p/mono-tc-240
TB-MT-110,THOMSON EXTENDABLE TABLE,Meeting Tables,dimensions colours features,Meeting & Boardroom Tables,/admin/p/practika-thomson-extendable-table
TB-MT-111,TO -260,Meeting Tables,features,Meeting table 6-8-seater,/admin/p/mono-to-260
TB-MT-112,TO -280,Meeting Tables,features,Meeting table 6-8-seater,/admin/p/mono-to-280
TB-MT-113,TW-1,Meeting Tables,colours,Meeting table,/admin/p/nat-tw-1
TB-MT-115,TW260,Meeting Tables,colours,TW260,/admin/p/nat-tw260-2
TB-MT-116,TW272,Meeting Tables,colours,Meeting table,/admin/p/nat-tw272
TB-MT-117,TWIGGY MEETING TABLE,Meeting Tables,material features range-guessed,Meeting & Boardroom Tables,/admin/p/practika-twiggy-meeting-table
TB-MT-118,TY-CF01,Meeting Tables,colours features,โต๊ะประชุม,/admin/p/thaitaiyo-ty-cf01
TB-MT-119,UTOPIA MEETING AND CONFERENCE TABLE,Meeting Tables,colours features,Meeting & Boardroom Tables,/admin/p/practika-utopia-meeting-and-conference-table
TB-MT-120,VANGUARD,Meeting Tables,features,Meeting & Boardroom Tables,/admin/p/practika-vanguard
TB-MT-121,VORTEX MEETING TABLE,Meeting Tables,colours features,Meeting & Boardroom Tables,/admin/p/practika-vortex-meeting-table
TB-ST-01,โต๊ะทำงาน,Full Steel Tables,colours,Desk,/admin/p/nat-tothamngan-3
TB-ST-02,โต๊ะทำงาน,Full Steel Tables,colours,Desk,/admin/p/nat-tothamngan-4
TB-ST-03,โต๊ะทำงานเหล็ก,Full Steel Tables,colours,Desk steel,/admin/p/nat-tothamngan-elk
TB-ST-04,0D-35,Full Steel Tables,colours features,โต๊ะทำงาน,/admin/p/thaitaiyo-0d-35
TB-ST-05,0D-40,Full Steel Tables,colours features,โต๊ะทำงานฟุ,/admin/p/thaitaiyo-0d-40
TB-ST-06,0D-50,Full Steel Tables,colours features,โต๊ะทำงานฟุ,/admin/p/thaitaiyo-0d-50
TB-ST-07,5CF122,Full Steel Tables,colours features,โต๊ะทำงาน,/admin/p/thaitaiyo-5cf122
TB-ST-08,5DC1800-02,Full Steel Tables,colours features,โต๊ะทำงานผู้บิหาร,/admin/p/thaitaiyo-5dc1800-02
TB-ST-09,5TF-1772,Full Steel Tables,colours features,โต๊ะทำงาน,/admin/p/thaitaiyo-5tf-1772
TB-ST-10,5TF-2447,Full Steel Tables,colours features,โต๊ะทำงาน,/admin/p/thaitaiyo-5tf-2447
TB-ST-11,5TF-2460,Full Steel Tables,colours features,โต๊ะทำงาน,/admin/p/thaitaiyo-5tf-2460
TB-ST-12,5TF-2472,Full Steel Tables,colours features,โต๊ะทำงาน,/admin/p/thaitaiyo-5tf-2472
TB-ST-13,5TF-3072,Full Steel Tables,colours features,โต๊ะทำงาน,/admin/p/thaitaiyo-5tf-3072
TB-ST-14,5TFR-1772,Full Steel Tables,colours features,โต๊ะทำงาน,/admin/p/thaitaiyo-5tfr-1772
TB-ST-15,5TFR-2472,Full Steel Tables,colours features,โต๊ะทำงาน,/admin/p/thaitaiyo-5tfr-2472
TB-ST-16,5TFR-3072,Full Steel Tables,colours features,โต๊ะทำงาน,/admin/p/thaitaiyo-5tfr-3072
TB-ST-17,เก้าอี้ผู้บริหาร (ระดับ 8),Full Steel Tables,colours,เก้าอี้ผู้บริหาร (ระดับ 8),/admin/p/nat-kaoi-phuprihan-radap-8
TB-ST-18,เก้าอี้ผู้บริหาร (9),Full Steel Tables,colours,เก้าอี้ผู้บริหาร (9),/admin/p/nat-kaoi-phuprihan-9
TB-ST-19,MTD60,Full Steel Tables,colours features,โต๊ะช่าง 107,/admin/p/thaitaiyo-mtd60
TB-ST-21,TC-86,Full Steel Tables,colours features,โต๊ะนักเรียนพร้อมช่องวางของ,/admin/p/thaitaiyo-tc-86
TB-ST-22,TC-90,Full Steel Tables,colours features,โต๊ะทำงาน,/admin/p/thaitaiyo-tc-90
TB-ST-23,TC-92,Full Steel Tables,colours features,โต๊ะคอมพิวเตอร์,/admin/p/thaitaiyo-tc-92
TB-ST-24,TRAINING CHAIR BINGO,Full Steel Tables,features,Training & Folding Tables,/admin/p/practika-training-chair-bingo
TB-ST-25,TTD-35,Full Steel Tables,colours features,โต๊ะทำงาน,/admin/p/thaitaiyo-ttd-35
TB-ST-26,TTD-40,Full Steel Tables,colours features,โต๊ะทำงาน,/admin/p/thaitaiyo-ttd-40
TB-ST-27,TTD-45,Full Steel Tables,colours features,โต๊ะทำงาน,/admin/p/thaitaiyo-ttd-45
TB-ST-28,TTD-50,Full Steel Tables,colours features,โต๊ะทำงานฟุ,/admin/p/thaitaiyo-ttd-50
TB-ST-29,TU-50,Full Steel Tables,colours features,โต๊ะทำงาน,/admin/p/thaitaiyo-tu-50
TB-WD-01,ชุดโต๊ะคอมพิวเตอร์พร้อมเก้าอี้,Wooden Tables,colours,ชุดโต๊ะคอมพิวเตอร์พร้อมเก้าอี้,/admin/p/nat-chut-to-khomphiotoe-phrom-kaoi
TB-WD-03,โต๊ะ,Wooden Tables,dimensions colours,Table,/admin/p/nat-to
TB-WD-04,โต๊ะอาจารย์,Wooden Tables,colours,โต๊ะอาจารย์,/admin/p/nat-to-achan
TB-WD-05,โต๊ะเจ้าหน้าที่,Wooden Tables,dimensions colours,โต๊ะเจ้าหน้าที่,/admin/p/nat-to-chaonathi
TB-WD-06,โต๊ะคอมอ่านหนังสือ,Wooden Tables,colours,โต๊ะคอมอ่านหนังสือ,/admin/p/nat-to-khom-annangsue
TB-WD-07,โต๊ะคอมพิวเตอร์,Wooden Tables,colours,Computer desk,/admin/p/nat-to-khomphiotoe
TB-WD-08,โต๊ะคอมพิวเตอร์,Wooden Tables,colours,Computer desk,/admin/p/nat-to-khomphiotoe-2
TB-WD-09,โต๊ะอเนกประสงค์,Wooden Tables,colours,โต๊ะอเนกประสงค์,/admin/p/nat-to-nekpratng
TB-WD-10,โต๊ะพับเอนกประสงค์มีล้อเลื่อน,Wooden Tables,colours,โต๊ะพับเอนกประสงค์มีล้อเลื่อน,/admin/p/nat-to-phap-enkpratng-mi-loluean
TB-WD-11,โต๊ะพับอเนกประสงค์,Wooden Tables,colours,โต๊ะพับอเนกประสงค์,/admin/p/nat-to-phap-nekpratng
TB-WD-12,โต๊ะผู้บริหาร พร้อมตู้ข้างปลั๊ก ตู้ขวา,Wooden Tables,colours,โต๊ะผู้บริหาร พร้อมตู้ข้างปลั๊ก ตู้ขวา,/admin/p/nat-to-phuprihan-phrom-tu-khang-plak-tu-khwa
TB-WD-13,โต๊ะรับแขก,Wooden Tables,colours,โต๊ะรับแขก,/admin/p/nat-to-rapkhaek
TB-WD-14,โต๊ะวางทีวี,Wooden Tables,colours,โต๊ะวางทีวี,/admin/p/nat-to-wang-thiwi
TB-WD-16,โต๊ะครู,Wooden Tables,colours,โต๊ะครู,/admin/p/nat-tokru
TB-WD-17,โต๊ะทำงาน,Wooden Tables,dimensions colours,Desk,/admin/p/nat-tothamngan
TB-WD-18,โต๊ะทำงาน,Wooden Tables,colours,Desk,/admin/p/nat-tothamngan-10
TB-WD-19,โต๊ะทำงาน,Wooden Tables,colours,Desk,/admin/p/nat-tothamngan-2
TB-WD-20,โต๊ะทำงาน,Wooden Tables,colours,Desk,/admin/p/nat-tothamngan-5
TB-WD-21,โต๊ะทำงาน,Wooden Tables,colours,Desk,/admin/p/nat-tothamngan-6
TB-WD-23,โต๊ะทำงาน,Wooden Tables,colours,Desk,/admin/p/nat-tothamngan-8
TB-WD-24,โต๊ะทำงาน,Wooden Tables,colours,Desk,/admin/p/nat-tothamngan-9
TB-WD-25,โต๊ะทำงานแบบสตูดิโอ,Wooden Tables,colours,โต๊ะทำงานแบบสตูดิโอ,/admin/p/nat-tothamngan-baep-satudio
TB-WD-26,โต๊ะทำงานพร้อมลิ้นชักเก็บของ (ฝั่งขวา),Wooden Tables,colours,โต๊ะทำงานพร้อมลิ้นชักเก็บของ (ฝั่งขวา),/admin/p/nat-tothamngan-phrom-linchak-kep-khong-fang-khwa
TB-WD-27,โต๊ะทำงานผู้บังคับบัญชา,Wooden Tables,colours,โต๊ะทำงานผู้บังคับบัญชา,/admin/p/nat-tothamngan-phubangkhapbancha-2
TB-WD-28,โต๊ะทำงานผู้บริหาร,Wooden Tables,colours,โต๊ะทำงานผู้บริหาร,/admin/p/nat-tothamngan-phuprihan
TB-WD-30,โต๊ะทำงานตัวแอล พร้อมชุดต่อซ้าย-ขวา ตามแบบ,Wooden Tables,dimensions colours features,โต๊ะทำงานตัวแอล พร้อมชุดต่อซ้าย-ขวา ตามแบบ,/admin/p/nat-tothamngan-tua-aen-phrom-chut-to-sai-khwa-tam-baep
TB-WD-31,2D1603,Wooden Tables,colours features,โต๊ะทำงาน,/admin/p/thaitaiyo-2d1603
TB-WD-32,2DK12-S3,Wooden Tables,colours features,โต๊ะทำงาน,/admin/p/thaitaiyo-2dk12-s3
TB-WD-33,2DS1680,Wooden Tables,colours features,โต๊ะทำงาน,/admin/p/thaitaiyo-2ds1680
TB-WD-34,2DS1880,Wooden Tables,colours features,โต๊ะทำงาน,/admin/p/thaitaiyo-2ds1880
TB-WD-35,2DS2015R,Wooden Tables,colours features,โต๊ะทำงาน,/admin/p/thaitaiyo-2ds2015r
TB-WD-36,2EX1816R,Wooden Tables,colours features,RI/L (แฟน,/admin/p/thaitaiyo-2ex1816r
TB-WD-37,2EX2016R,Wooden Tables,colours features,โต๊ะผู้บริหาร,/admin/p/thaitaiyo-2ex2016r
TB-WD-38,2WSCF-1860,Wooden Tables,colours features,ชุดโต๊ะทำงาน & เวิร์คสเตชั่น,/admin/p/thaitaiyo-2wscf-1860
TB-WD-39,2WSCFC-3618,Wooden Tables,colours features,โต๊ะทำงาน,/admin/p/thaitaiyo-2wscfc-3618
TB-WD-40,2WSCFC-4215,Wooden Tables,colours features,ชุดโต๊ะทำงาน & เวิร์คสเตชั่น,/admin/p/thaitaiyo-2wscfc-4215
TB-WD-41,2WSCFC-4218,Wooden Tables,colours features,ชุดโต๊ะทำงาน & เวิร์คสเตชั่น,/admin/p/thaitaiyo-2wscfc-4218
TB-WD-42,2WSCFC-4815,Wooden Tables,colours features,ชุดโต๊ะทำงาน & เวิร์คสเตชั่น,/admin/p/thaitaiyo-2wscfc-4815
TB-WD-43,2WSCFC-4818,Wooden Tables,colours features,ชุดโต๊ะทำงาน & เวิร์คสเตชั่น,/admin/p/thaitaiyo-2wscfc-4818
TB-WD-44,2WSS3212,Wooden Tables,colours features,ชุดโต๊ะทำงาน & เวิร์คสเตชั่น,/admin/p/thaitaiyo-2wss3212
TB-WD-45,2WSTD-1260,Wooden Tables,colours features,ชุดโต๊ะทำงาน & เวิร์คสเตชั่น,/admin/p/thaitaiyo-2wstd-1260
TB-WD-46,2WSTD-1560,Wooden Tables,colours features,ชุดโต๊ะทำงาน & เวิร์คสเตชั่น,/admin/p/thaitaiyo-2wstd-1560
TB-WD-47,2WSTD-1860,Wooden Tables,colours features,ชุดโต๊ะทำงาน & เวิร์คสเตชั่น,/admin/p/thaitaiyo-2wstd-1860
TB-WD-48,2WSTD-1880,Wooden Tables,colours features,ชุดโต๊ะทำงาน & เวิร์คสเตชั่น,/admin/p/thaitaiyo-2wstd-1880
TB-WD-49,A1,Wooden Tables,colours,Desk,/admin/p/nat-a1
TB-WD-50,A2,Wooden Tables,colours,Desk,/admin/p/nat-a2
TB-WD-51,A6,Wooden Tables,colours,Desk,/admin/p/nat-a6
TB-WD-52,BB2,Wooden Tables,material colours features range-guessed,โต๊ะผู้บริหาร,/admin/p/thaitaiyo-bb2
TB-WD-53,BPSS-60,Wooden Tables,colours features,โต๊ะเข้ามุมโค้ง 90 องศา,/admin/p/mono-bpss-60
TB-WD-54,BUNCH CLASSROOM CHAIR-COPY-1,Wooden Tables,features,Classroom Desks & Teacher Podiums,/admin/p/practika-bunch-classroom-chair-copy-1
TB-WD-55,CCSS 60 R [F],Wooden Tables,features,โต๊ะต่อมุมโค้ง มีชั้นวางของ,/admin/p/mono-ccss-60-r-f
TB-WD-56,CCSS 60 R [ML],Wooden Tables,features,โต๊ะต่อมุมโค้ง มีชั้นวางของ,/admin/p/mono-ccss-60-r-ml
TB-WD-57,CLARKS200/ D/L ( คลาก็ส์ ),Wooden Tables,features,Desk,/admin/p/mono-clarks-200-d-l-khla-k
TB-WD-58,CLARKS/ L ( คลาก็ส์ ),Wooden Tables,features,Desk,/admin/p/mono-clarks-l-khla-k
TB-WD-59,CNN-CF2412-00,Wooden Tables,colours features,โต๊ะทำงาน,/admin/p/thaitaiyo-cnn-cf2412-00
TB-WD-60,CNN-DK120-01,Wooden Tables,colours features,โต๊ะทำงาน,/admin/p/thaitaiyo-cnn-dk120-01
TB-WD-61,CNN-DK1818-01,Wooden Tables,colours features,โต๊ะทำงาน,/admin/p/thaitaiyo-cnn-dk1818-01
TB-WD-62,CNN-EX2010-01,Wooden Tables,colours features,โต๊ะผู้บริหาร,/admin/p/thaitaiyo-cnn-ex2010-01
TB-WD-63,CT031C,Wooden Tables,material colours features range-guessed,โต๊ะมุม (ขาชุบรียม ),/admin/p/thaitaiyo-ct031c
TB-WD-64,CT032P,Wooden Tables,material colours features range-guessed,RACKAZINE (ขานขาว ),/admin/p/thaitaiyo-ct032p
TB-WD-65,CT041P,Wooden Tables,material colours features range-guessed,โต๊ะทำงาน,/admin/p/thaitaiyo-ct041p
TB-WD-66,CT042C,Wooden Tables,material colours features range-guessed,โต๊ะทำงาน,/admin/p/thaitaiyo-ct042c
TB-WD-67,DK-ALEG15,Wooden Tables,features,โต๊ะสี Euroline Gray),/admin/p/thaitaiyo-dk-aleg15
TB-WD-68,DS-01,Wooden Tables,colours,โต๊ะทำงานแพทย์,/admin/p/nat-ds-01
TB-WD-69,DS-04,Wooden Tables,colours,โต๊ะห้องจ่ายยา,/admin/p/nat-ds-04
TB-WD-72,ES-8 / L,Wooden Tables,features,Executive desk,/admin/p/perfect-es-8-l
TB-WD-73,ES-8 / R,Wooden Tables,features,Executive desk,/admin/p/perfect-es-8-r
TB-WD-74,EXC01,Wooden Tables,colours,"โต๊ะทำงานรอง 1, 2",/admin/p/nat-exc01
TB-WD-75,EXC02,Wooden Tables,colours,โต๊ะทำงานผู้อำนวยการ,/admin/p/nat-exc02
TB-WD-77,EXC-T1,Wooden Tables,colours,โต๊ะทำงานผู้บริหารตู้ข้างขวา,/admin/p/nat-exc-t1
TB-WD-78,F-01,Wooden Tables,colours,Desk,/admin/p/nat-f-01-4
TB-WD-79,F-01,Wooden Tables,material colours features range-guessed,Multipurpose table,/admin/p/nat-f-01-5
TB-WD-80,F-02,Wooden Tables,colours,Desk,/admin/p/nat-f-02-3
TB-WD-81,F-03,Wooden Tables,colours,โต๊ะ Training พับได้,/admin/p/nat-f-03-2
TB-WD-82,F-03,Wooden Tables,colours,โต๊ะเจ้าหน้าที่ในห้องประชุม,/admin/p/nat-f-03-3
TB-WD-83,F-03,Wooden Tables,colours,รายละเอียดสินค้า,/admin/p/nat-f-03-4
TB-WD-84,F-03,Wooden Tables,colours features,โต๊ะสี่เหลี่ยม,/admin/p/nat-f-03-5
TB-WD-85,F-04,Wooden Tables,colours,รายละเอียดสินค้า,/admin/p/nat-f-04-4
TB-WD-86,F-08,Wooden Tables,colours,โต๊ะซ่อมคอมพิวเตอร์,/admin/p/nat-f-08
TB-WD-87,F1,Wooden Tables,colours,โต๊ะงานตัว L 1600/600/750 มม.,/admin/p/nat-f1-6
TB-WD-89,F1,Wooden Tables,colours,โต๊ะควบคุม,/admin/p/nat-f1-8
TB-WD-90,F2,Wooden Tables,colours,Desk,/admin/p/nat-f2-5
TB-WD-91,F2,Wooden Tables,colours,โต๊ะอาจารย์หน้าห้อง,/admin/p/nat-f2-6
TB-WD-92,F3,Wooden Tables,colours,โต๊ะเอนกประสงค์ห้องฝึกอบรม ชนิดพับเก็บได้พร้อมมีแผ่นบังตา,/admin/p/nat-f3-9
TB-WD-93,F-31,Wooden Tables,colours,โต๊ะทำงานเลขาธิการ,/admin/p/nat-f-31
TB-WD-94,F34,Wooden Tables,colours,โต๊ะเรียน,/admin/p/nat-f34
TB-WD-95,F4,Wooden Tables,colours,โต๊ะทำงานผู้บริหาร,/admin/p/nat-f4-8
TB-WD-96,F5,Wooden Tables,colours,โต๊ะทำงาน ผอ.,/admin/p/nat-f5-6
TB-WD-97,F5,Wooden Tables,colours,โต๊ะวาง,/admin/p/nat-f5-7
TB-WD-98,F6,Wooden Tables,colours,Desk,/admin/p/nat-f6-5
TB-WD-99,F8,Wooden Tables,colours,Table,/admin/p/nat-f8-6
TB-WD-100,F9,Wooden Tables,colours,Desk,/admin/p/nat-f9-2
TB-WD-101,FF-11,Wooden Tables,colours,Desk with drawer pedestal,/admin/p/nat-ff-11-2
TB-WD-103,FF-3,Wooden Tables,colours,Table,/admin/p/nat-ff-3
TB-WD-104,FF-8,Wooden Tables,colours,Desk without drawers,/admin/p/nat-ff-8
TB-WD-105,HB-ARDK1860-00,Wooden Tables,colours features,โต๊ะทำงาน,/admin/p/thaitaiyo-hb-ardk1860-00
TB-WD-106,HB-ARDK1860-01,Wooden Tables,colours features,โต๊ะทำงาน,/admin/p/thaitaiyo-hb-ardk1860-01
TB-WD-107,HB-ARDK1880-01,Wooden Tables,colours features,โต๊ะทำงาน,/admin/p/thaitaiyo-hb-ardk1880-01
TB-WD-108,HB-DK006-1890,Wooden Tables,colours features,โต๊ะทำงาน,/admin/p/thaitaiyo-hb-dk006-1890
TB-WD-109,HB-EX08-CS012,Wooden Tables,colours features,โต๊ะผู้บริหาร,/admin/p/thaitaiyo-hb-ex08-cs012
TB-WD-110,HB-EX2DL1818,Wooden Tables,colours features,โต๊ะผู้บริหาร,/admin/p/thaitaiyo-hb-ex2dl1818
TB-WD-111,HB-EX2DR1818,Wooden Tables,colours features,โต๊ะผู้บริหาร,/admin/p/thaitaiyo-hb-ex2dr1818
TB-WD-112,HB-EX3DR2019,Wooden Tables,colours features,โต๊ะผู้บริหาร,/admin/p/thaitaiyo-hb-ex3dr2019
TB-WD-113,HB-EX4DL2019,Wooden Tables,colours features,โต๊ะผู้บริหาร,/admin/p/thaitaiyo-hb-ex4dl2019
TB-WD-114,HB-EX4DR2019,Wooden Tables,colours features,โต๊ะผู้บริหาร,/admin/p/thaitaiyo-hb-ex4dr2019
TB-WD-115,HB-EX5D2010,Wooden Tables,colours features,โต๊ะผู้บริหาร,/admin/p/thaitaiyo-hb-ex5d2010
TB-WD-116,HB-EXCI810-HEB,Wooden Tables,colours features,โต๊ะผู้บริหาร,/admin/p/thaitaiyo-hb-exci810-heb
TB-WD-117,HB-EXDL07,Wooden Tables,colours features,โต๊ะผู้บริหาร,/admin/p/thaitaiyo-hb-exdl07
TB-WD-118,HB-GTF03,Wooden Tables,colours features,โต๊ะเอนกประสงค์,/admin/p/thaitaiyo-hb-gtf03
TB-WD-119,HB-GTF06-1660,Wooden Tables,colours features,โต๊ะเอนกประสงค์,/admin/p/thaitaiyo-hb-gtf06-1660
TB-WD-120,HB-GTF06-1680,Wooden Tables,colours features,โต๊ะเอนกประสงค์,/admin/p/thaitaiyo-hb-gtf06-1680
TB-WD-121,HB-GTF06-1860,Wooden Tables,colours features,โต๊ะเอนกประสงค์,/admin/p/thaitaiyo-hb-gtf06-1860
TB-WD-122,HB-WS014G,Wooden Tables,colours features,ชุดโต๊ะทำงาน & เวิร์คสเตชั่น,/admin/p/thaitaiyo-hb-ws014g
TB-WD-123,HB-WS024G,Wooden Tables,colours features,ชุดโต๊ะทำงาน & เวิร์คสเตชั่น,/admin/p/thaitaiyo-hb-ws024g
TB-WD-124,HB-WS026G,Wooden Tables,colours features,ชุดโต๊ะทำงาน & เวิร์คสเตชั่น,/admin/p/thaitaiyo-hb-ws026g
TB-WD-125,HB-WS028G,Wooden Tables,colours features,ชุดโต๊ะทำงาน & เวิร์คสเตชั่น,/admin/p/thaitaiyo-hb-ws028g
TB-WD-126,HB-WS034G,Wooden Tables,colours features,ชุดโต๊ะทำงาน & เวิร์คสเตชั่น,/admin/p/thaitaiyo-hb-ws034g
TB-WD-127,HB-WSD12060,Wooden Tables,colours features,ชุดโต๊ะทำงาน & เวิร์คสเตชั่น,/admin/p/thaitaiyo-hb-wsd12060
TB-WD-128,HB-WSD15060,Wooden Tables,colours features,ชุดโต๊ะทำงาน & เวิร์คสเตชั่น,/admin/p/thaitaiyo-hb-wsd15060
TB-WD-130,JKSS-60,Wooden Tables,features,แผ่นต่อท๊อปเข้ามุมโค้ง,/admin/p/mono-jkss-60
TB-WD-131,L01,Wooden Tables,colours,โต๊ะทำงานผู้บริหาร,/admin/p/nat-l01
TB-WD-132,L02,Wooden Tables,colours,เก้าอี้ผู้บริหาร,/admin/p/nat-l02
TB-WD-133,L03,Wooden Tables,colours,เก้าอี้หน้าโต๊ะผู้บริหาร,/admin/p/nat-l03
TB-WD-134,L07,Wooden Tables,colours,Desk,/admin/p/nat-l07
TB-WD-135,L09,Wooden Tables,colours,เก้าอี้หน้าโต๊ะทำงาน,/admin/p/nat-l09
TB-WD-136,LCSS- 65,Wooden Tables,features,Corner desk,/admin/p/mono-lcss-65
TB-WD-137,LF-01,Wooden Tables,colours,Desk,/admin/p/nat-lf-01-3
TB-WD-138,LF-01,Wooden Tables,dimensions colours,Desk,/admin/p/nat-lf-01-4
TB-WD-139,LF-02,Wooden Tables,colours,ชั้นวางหลังโต๊ะทำงาน,/admin/p/nat-lf-02
TB-WD-140,LF-03,Wooden Tables,colours,โต๊ะทำงานเลขาและตู้เก็บเอกสาร,/admin/p/nat-lf-03-5
TB-WD-141,LF-03,Wooden Tables,colours,โต๊ะสี่เหลี่ยม,/admin/p/nat-lf-03-6
TB-WD-142,LF-04,Wooden Tables,material range-guessed,เก้าอี้รับรองหน้าโต๊ะผู้บริหาร,/admin/p/nat-lf-04
TB-WD-143,LF-05,Wooden Tables,colours,Table Coffee table,/admin/p/nat-lf-05-5
TB-WD-144,LF-06,Wooden Tables,colours,โต๊ะกลม,/admin/p/nat-lf-06-3
TB-WD-145,M PRIMARY CLASSROOM DESK,Wooden Tables,dimensions colours features,Classroom Desks & Teacher Podiums,/admin/p/practika-m-primary-classroom-desk
TB-WD-146,MT1,Wooden Tables,dimensions colours,โต๊ะทำงาน 2.1 ม.,/admin/p/nat-mt1-2
TB-WD-147,MT-WS011C,Wooden Tables,colours features,ชุดโต๊ะทำงาน & เวิร์คสเตชั่น,/admin/p/thaitaiyo-mt-ws011c
TB-WD-148,MT-WS012C,Wooden Tables,colours features,ชุดโต๊ะทำงาน & เวิร์คสเตชั่น,/admin/p/thaitaiyo-mt-ws012c
TB-WD-149,MT-WS014C,Wooden Tables,colours features,ชุดโต๊ะทำงาน & เวิร์คสเตชั่น,/admin/p/thaitaiyo-mt-ws014c
TB-WD-150,NTX22-D2,Wooden Tables,colours,Desk,/admin/p/nat-ntx22-d2
TB-WD-151,PUMA/PT,Wooden Tables,colours,Printer table,/admin/p/mono-puma-pt
TB-WD-154,T-01,Wooden Tables,colours,โต๊ะขาOL 160X70X74.5,/admin/p/nat-t-01
TB-WD-155,T-02,Wooden Tables,colours,โต๊ะขาOR 140X70X74.5,/admin/p/nat-t-02
TB-WD-156,T-04,Wooden Tables,colours,โต๊ะ/ลิ้นชัก/โต๊ะข้างR/ปลั๊ก 225X195X74.5 สีBDP-BL,/admin/p/nat-t-04
TB-WD-157,T-04,Wooden Tables,colours,Desk,/admin/p/nat-t-04-2
TB-WD-158,T-1,Wooden Tables,colours,โต๊ะทำงานตัว L ของเจ้าหน้าที่,/admin/p/nat-t-1-3
TB-WD-159,T1,Wooden Tables,colours,โต๊ะทำงาน ผอ.มีตู้ต่อข้าง,/admin/p/nat-t1-2
TB-WD-161,T1,Wooden Tables,colours,Desk,/admin/p/nat-t1-5
TB-WD-162,T1,Wooden Tables,colours,Multipurpose table with modesty panel folding legs,/admin/p/nat-t1-6
TB-WD-163,T10,Wooden Tables,colours,"T10-1 desk, side cabinet table",/admin/p/nat-t10-2
TB-WD-164,T1L,Wooden Tables,colours,โต๊ะทำงาน (ลิ้นชักด้านซ้าย),/admin/p/nat-t1l
TB-WD-165,T-2,Wooden Tables,colours,โต๊ะทำงานตัว L ของหัวหน้าฝ่าย,/admin/p/nat-t-2
TB-WD-166,T-2,Wooden Tables,colours features,ชุดโต๊ะทำงานอาจารย์,/admin/p/nat-t-2-2
TB-WD-167,T2,Wooden Tables,colours,Desk,/admin/p/nat-t2-4
TB-WD-168,T2R,Wooden Tables,colours,Desk,/admin/p/nat-t2r
TB-WD-169,T-3,Wooden Tables,colours,โต๊ะทำงานตัว L ห้องผู้บริหาร,/admin/p/nat-t-3-2
TB-WD-170,T-3,Wooden Tables,colours,Table,/admin/p/nat-t-3-3
TB-WD-171,T3,Wooden Tables,colours,โต๊ะทำงาน 1.35 ม.,/admin/p/nat-t3-2
TB-WD-172,T3R,Wooden Tables,colours,Desk 120x60x75 cm. (with drawer right),/admin/p/nat-t3r
TB-WD-174,T4,Wooden Tables,dimensions colours,โต๊ะทำงานเจ้าหน้าที่,/admin/p/nat-t4-3
TB-WD-175,T5,Wooden Tables,colours,Computer desk,/admin/p/nat-t5
TB-WD-176,T-6,Wooden Tables,colours,Computer desk,/admin/p/nat-t-6
TB-WD-177,T7,Wooden Tables,colours,โต๊ะอาหรแบบพับได้,/admin/p/nat-t7-4
TB-WD-178,T7,Wooden Tables,colours,โต๊ะสำนักงาน,/admin/p/nat-t7-5
TB-WD-179,T7,Wooden Tables,colours,Desk with modesty panel,/admin/p/nat-t7-6
TB-WD-181,T9,Wooden Tables,dimensions colours,โต๊ะอเนกประสงค์แบบพับเก็บได้,/admin/p/nat-t9-3
TB-WD-182,TA-3,Wooden Tables,dimensions,Desk,/admin/p/nat-ta-3
TB-WD-183,TB-1,Wooden Tables,colours,Desk,/admin/p/nat-tb-1
TB-WD-184,TB1,Wooden Tables,colours,โต๊ะอาจารย์ TB 1,/admin/p/nat-tb1
TB-WD-185,TB-10,Wooden Tables,colours,Desk,/admin/p/nat-tb-10
TB-WD-186,TB-4,Wooden Tables,colours,โต๊ะวิทยากร TB 4,/admin/p/nat-tb-4
TB-WD-187,TB-6,Wooden Tables,dimensions colours features,Desk,/admin/p/nat-tb-6
TB-WD-188,TC1,Wooden Tables,colours,Computer desk,/admin/p/nat-tc1
TB-WD-189,TC92,Wooden Tables,colours,โต๊ะคอมพิวเตอร์ รุ่น TC-92,/admin/p/nat-tc92
TB-WD-191,TWC 1200-60 [F],Wooden Tables,features,Desk open,/admin/p/mono-twc-1200-60-f
TB-WD-192,TWC 1200-60 [ML],Wooden Tables,features,Desk open,/admin/p/mono-twc-1200-60-ml
TB-WD-193,TWC 1500-60 [F],Wooden Tables,features,Desk open,/admin/p/mono-twc-1500-60-f
TB-WD-194,TWC 1500-60 [ML],Wooden Tables,features,Desk open,/admin/p/mono-twc-1500-60-ml
TB-WD-195,TWC1800-60[F],Wooden Tables,colours features,Desk open,/admin/p/mono-twc1800-60-f
TB-WD-196,TWC1800-75[F],Wooden Tables,colours features,Desk open,/admin/p/mono-twc1800-75-f
TB-WD-197,TWC 80 - 60 [F],Wooden Tables,features,Desk open,/admin/p/mono-twc-80-60-f
TB-WD-198,TWC 80 - 60 [ML],Wooden Tables,features,Desk open,/admin/p/mono-twc-80-60-ml
TB-WD-199,TWD247,Wooden Tables,colours,Desk TWD247,/admin/p/nat-twd247
TB-WD-204,WS-06,Wooden Tables,colours,โต๊ะทำงานเจ้าหน้าที่,/admin/p/nat-ws-06
TB-WD-205,WSWS10080,Wooden Tables,colours features,ชุดโต๊ะทำงาน & เวิร์คสเตชั่น,/admin/p/thaitaiyo-wsws10080
TB-WS-01,เก้าอี้ผู้บริหาร,Wood + Steel Tables,dimensions colours,เก้าอี้ผู้บริหาร,/admin/p/nat-kaoi-phuprihan
TB-WS-02,โต๊ะสี่เหลี่ยมจัตุรัส ขาเหล็ก,Wood + Steel Tables,colours,โต๊ะสี่เหลี่ยมจัตุรัส ขาเหล็ก,/admin/p/nat-to-sihelimchaturat-kha-elk
TB-WS-03,โต๊ะทำงานโค้งขาเหล็ก,Wood + Steel Tables,colours,โต๊ะทำงานโค้งขาเหล็ก,/admin/p/nat-tothamngan-khong-kha-elk
TB-WS-04,โต๊ะทำงานผู้บังคับบัญชา,Wood + Steel Tables,features,โต๊ะทำงานผู้บังคับบัญชา,/admin/p/nat-tothamngan-phubangkhapbancha
TB-WS-05,โต๊ะทำงาน 4 ลิ้นชัก,Wood + Steel Tables,dimensions colours,Desk 4 drawer,/admin/p/nat-tothamngan-4-linchak
TB-WS-06,A1,Wood + Steel Tables,dimensions colours,โต๊ะทำงานพร้อมบังตาใต้โต๊ะ,/admin/p/nat-a1-2
TB-WS-07,APLS - 1687 L,Wood + Steel Tables,features,โต๊ะทำงานแผ่นท๊อปรูปตัวแอล [ L-SHAPE ] ด้านซ้ายมือ,/admin/p/mono-apls-1687-l
TB-WS-08,APLS - 1687 R,Wood + Steel Tables,features,โต๊ะทำงานแผ่นท๊อปรูปตัวแอล [ L-SHAPE ] ด้านขวามือ,/admin/p/mono-apls-1687-r
TB-WS-09,APLS - 1887 L,Wood + Steel Tables,features,โต๊ะทำงานแผ่นท๊อปรูปตัวแอล [ L-SHAPE ] ด้านซ้ายมือ,/admin/p/mono-apls-1887-l
TB-WS-10,APLS - 1887 R,Wood + Steel Tables,features,โต๊ะทำงานแผ่นท๊อปรูปตัวแอล [ L-SHAPE ] ด้านขวามือ,/admin/p/mono-apls-1887-r
TB-WS-11,APRD-1050 L,Wood + Steel Tables,features,Desk return (left),/admin/p/mono-aprd-1050-l
TB-WS-12,APRD-1050 R,Wood + Steel Tables,features,Desk return (right),/admin/p/mono-aprd-1050-r
TB-WS-13,APSD-1270,Wood + Steel Tables,features,Desk straight,/admin/p/mono-apsd-1270
TB-WS-14,APSD-1680,Wood + Steel Tables,features,Desk straight,/admin/p/mono-apsd-1680
TB-WS-15,APSD-1880,Wood + Steel Tables,features,Desk straight,/admin/p/mono-apsd-1880
TB-WS-16,APSD-8070,Wood + Steel Tables,features,Desk straight,/admin/p/mono-apsd-8070
TB-WS-17,APWS-120,Wood + Steel Tables,features,ชุดโต๊ะทำงานมุมเอียง 120 องศา ( ต่อติดกัน 3 ตัว ),/admin/p/mono-apws-120
TB-WS-18,APWS-2412,Wood + Steel Tables,features,Desk set WORK STATION 4-seater (with modesty panel),/admin/p/mono-apws-2412
TB-WS-19,A SQUARE- 200,Wood + Steel Tables,colours,Executive desk,/admin/p/perfect-a-square-200
TB-WS-20,AT 200,Wood + Steel Tables,colours,Executive desk,/admin/p/perfect-at-200
TB-WS-21,BACON PRESCHOOL GROUP TABLE,Wood + Steel Tables,dimensions features,Classroom Desks & Teacher Podiums,/admin/p/practika-bacon-preschool-group-table
TB-WS-23,BLOOMBERG MANAGER AND EXECUTIVE SET,Wood + Steel Tables,colours features,Executive Table,/admin/p/practika-bloomberg-manager-and-executive-set
TB-WS-24,BLOOMBERG WORKSTATION,Wood + Steel Tables,colours features,Workstations & Hot Desks,/admin/p/practika-bloomberg-workstation
TB-WS-25,BP 1202-60,Wood + Steel Tables,colours,Desk with drawer 2-tier (right),/admin/p/mono-bp-1202-60
TB-WS-26,BPC-80,Wood + Steel Tables,colours,Computer desk,/admin/p/mono-bpc-80
TB-WS-27,BROWN TRAINING TABLE,Wood + Steel Tables,colours features,Training & Folding Tables,/admin/p/practika-brown-training-table
TB-WS-28,CORON SET 1,Wood + Steel Tables,features,ชุดโต๊ะทำงาน ขนาด 2 ที่นั่ง พร้อมโต๊ะต่อมุมโค้งด้านเดียว,/admin/p/mono-coron-set-1
TB-WS-29,CORON SET 1,Wood + Steel Tables,features,ชุดโต๊ะทำงาน ขนาด 2 ที่นั่ง พร้อมโต๊ะต่อมุมโค้งด้านเดียว,/admin/p/mono-coron-set-1-2
TB-WS-30,CORON SET 2,Wood + Steel Tables,features,Desk set 2-seater with curved corner connector 2,/admin/p/mono-coron-set-2
TB-WS-31,CORON SET 2,Wood + Steel Tables,features,Desk set 2-seater with curved corner connector 2,/admin/p/mono-coron-set-2-2
TB-WS-32,CORON SET 3,Wood + Steel Tables,features,Desk set 4-seater with curved corner connector 2,/admin/p/mono-coron-set-3
TB-WS-33,CORON SET 3,Wood + Steel Tables,features,Desk set 4-seater with curved corner connector 2,/admin/p/mono-coron-set-3-2
TB-WS-34,CRN-1212,Wood + Steel Tables,features,Desk open,/admin/p/mono-crn-1212
TB-WS-35,CRN-126,Wood + Steel Tables,features,Curved corner connector,/admin/p/mono-crn-126
TB-WS-36,CRN-2412,Wood + Steel Tables,features,Desk open,/admin/p/mono-crn-2412
TB-WS-37,CYPRESS EXECUTIVE DESK,Wood + Steel Tables,features,Executive Table,/admin/p/practika-cypress-executive-desk
TB-WS-42,DOUBLE DECKER SECONDARY CLASSROOM DESK,Wood + Steel Tables,dimensions colours features,Classroom Desks & Teacher Podiums,/admin/p/practika-double-decker-secondary-classroom-desk
TB-WS-43,DURHAM TRAINING TABLE,Wood + Steel Tables,features,Training & Folding Tables,/admin/p/practika-durham-training-table
TB-WS-46,ES-13 / L,Wood + Steel Tables,features,Executive desk,/admin/p/perfect-es-13-l
TB-WS-47,ES-13 / R,Wood + Steel Tables,features,Executive desk,/admin/p/perfect-es-13-r
TB-WS-48,EST-180,Wood + Steel Tables,colours features,Executive desk,/admin/p/perfect-est-180
TB-WS-49,EST-200,Wood + Steel Tables,features,Executive desk,/admin/p/perfect-est-200
TB-WS-50,EXC-3 EXECUTIVE SET,Wood + Steel Tables,colours features,Executive Table,/admin/p/practika-exc-3-executive-set
TB-WS-51,F-04,Wood + Steel Tables,dimensions,โต๊ะอเนกประสงค์,/admin/p/nat-f-04-3
TB-WS-52,F-11,Wood + Steel Tables,dimensions,โต๊ะสำนักงาน,/admin/p/nat-f-11-2
TB-WS-53,F-11,Wood + Steel Tables,colours features,Desk,/admin/p/nat-f-11-3
TB-WS-54,F-11,Wood + Steel Tables,dimensions,โต๊ะอเนกประสงค์,/admin/p/nat-f-11-4
TB-WS-55,F11,Wood + Steel Tables,colours features,Desk L-shaped,/admin/p/nat-f11-2
TB-WS-56,F-12,Wood + Steel Tables,dimensions,โต๊ะกลม,/admin/p/nat-f-12-2
TB-WS-57,F-13,Wood + Steel Tables,dimensions,โต๊ะกลม,/admin/p/nat-f-13-5
TB-WS-58,F-14,Wood + Steel Tables,dimensions features,Desk,/admin/p/nat-f-14-3
TB-WS-59,F2,Wood + Steel Tables,colours features,ข้างตรง ไม่มีลิ้นชัก,/admin/p/nat-f2-4
TB-WS-60,F8.,Wood + Steel Tables,colours features,โต๊ะสำหรับกรอกเอกสาร,/admin/p/nat-f8-5
TB-WS-62,FOSTER MANAGER AND EXECUTIVE SET,Wood + Steel Tables,colours features,Executive Table,/admin/p/practika-foster-manager-and-executive-set
TB-WS-63,FOSTER WORKSTATION,Wood + Steel Tables,colours features,Workstations & Hot Desks,/admin/p/practika-foster-workstation
TB-WS-74,INTEGRA MANAGER AND EXECUTIVE SET,Wood + Steel Tables,colours features,Executive Table,/admin/p/practika-integra-manager-and-executive-set
TB-WS-75,INTEGRA WORKSTATION,Wood + Steel Tables,colours features,Workstations & Hot Desks,/admin/p/practika-integra-workstation
TB-WS-76,JIGSAW GROUP TABLE,Wood + Steel Tables,features,Classroom Desks & Teacher Podiums,/admin/p/practika-jigsaw-group-table
TB-WS-77,"JKS 1-04, JKS 1-40",Wood + Steel Tables,colours features,โต๊ะต่อด้านข้าง สูงเสมอโต๊ะ,/admin/p/mono-jks-1-04-jks-1-40
TB-WS-78,JKS-1200-60,Wood + Steel Tables,colours features,Desk,/admin/p/mono-jks-1200-60
TB-WS-79,JKS-1500-60,Wood + Steel Tables,colours features,Desk,/admin/p/mono-jks-1500-60
TB-WS-80,JKS-1650-75,Wood + Steel Tables,colours features,Desk,/admin/p/mono-jks-1650-75
TB-WS-81,"JKS-6266/R,/L",Wood + Steel Tables,colours features,Desk L-shaped [L-Shape],/admin/p/mono-jks-6266-r-l
TB-WS-82,JKS-80-60,Wood + Steel Tables,colours features,Computer desk,/admin/p/mono-jks-80-60
TB-WS-83,KAI DOW PRESCHOOL CLASSROOM DESK,Wood + Steel Tables,dimensions features,Classroom Desks & Teacher Podiums,/admin/p/practika-kai-dow-preschool-classroom-desk
TB-WS-85,LEAFLINE TRAINING TABLE,Wood + Steel Tables,features,Training & Folding Tables,/admin/p/practika-leafline-training-table
TB-WS-87,LF-146,Wood + Steel Tables,colours,"โต๊ะทำงาน ผอ., รอง ผอ.",/admin/p/nat-lf-146
TB-WS-91,MARX SECONDARY CLASSROOM DESK,Wood + Steel Tables,dimensions features,Classroom Desks & Teacher Podiums,/admin/p/practika-marx-secondary-classroom-desk
TB-WS-92,MLGSD-1260M,Wood + Steel Tables,colours features,Desk open with modesty panel,/admin/p/mono-mlgsd-1260m
TB-WS-93,MLGSD-1560M,Wood + Steel Tables,colours features,Desk open with modesty panel,/admin/p/mono-mlgsd-1560m
TB-WS-94,MLGSD-1660M,Wood + Steel Tables,colours features,Desk open with modesty panel,/admin/p/mono-mlgsd-1660m
TB-WS-95,MLGSD-8060M,Wood + Steel Tables,colours features,Desk open with modesty panel,/admin/p/mono-mlgsd-8060m
TB-WS-99,MT 1-01-60,Wood + Steel Tables,features,โต๊ะต่อข้างแบบขาเดี่ยว ไม่มีกล่องใส่กระดาษ A 4,/admin/p/mono-mt-1-01-60
TB-WS-100,MT 1-01-80,Wood + Steel Tables,features,โต๊ะต่อข้างแบบขาเดี่ยว ไม่มีกล่องใส่กระดาษ A 4,/admin/p/mono-mt-1-01-80
TB-WS-101,MT 1-04-60,Wood + Steel Tables,features,โต๊ะต่อข้างแบบขาเดี่ยว มีกล่องใส่กระดาษ A 4,/admin/p/mono-mt-1-04-60
TB-WS-102,MT 1-04-80,Wood + Steel Tables,features,โต๊ะต่อข้างแบบขาเดี่ยว มีกล่องใส่กระดาษ A 4,/admin/p/mono-mt-1-04-80
TB-WS-103,MT 1066-60,Wood + Steel Tables,features,โต๊ะเข้ามุม 90 องศา,/admin/p/mono-mt-1066-60
TB-WS-104,MT 1068 L,Wood + Steel Tables,features,โต๊ะเข้ามุม 90 องศา ด้านไม่เท่า,/admin/p/mono-mt-1068-l
TB-WS-105,MT 1086 R,Wood + Steel Tables,features,โต๊ะเข้ามุม 90 องศา ด้านไม่เท่า,/admin/p/mono-mt-1086-r
TB-WS-106,MT 1088-80,Wood + Steel Tables,features,โต๊ะเข้ามุม 90 องศา,/admin/p/mono-mt-1088-80
TB-WS-107,MT 1-10-60,Wood + Steel Tables,features,โต๊ะต่อข้างแบบขาเดี่ยว ไม่มีกล่องใส่กระดาษ A 4,/admin/p/mono-mt-1-10-60
TB-WS-108,MT 1-10-80,Wood + Steel Tables,features,โต๊ะต่อข้างแบบขาเดี่ยว ไม่มีกล่องใส่กระดาษ A 4,/admin/p/mono-mt-1-10-80
TB-WS-111,MT 120-60 + KB-02,Wood + Steel Tables,features,โต๊ะคอมพิวเตอร์ พร้อมรางเลื่อน Keyboard Tray,/admin/p/mono-mt-120-60-kb-02
TB-WS-112,MT 1212,Wood + Steel Tables,features,โต๊ะเข้ามุม 120 องศา,/admin/p/mono-mt-1212
TB-WS-113,MT 1-24,Wood + Steel Tables,features,โต๊ะต่อข้างแบบ 2 ข้า มีกล่องใส่กระดาษ A 4,/admin/p/mono-mt-1-24
TB-WS-114,MT 1266-60,Wood + Steel Tables,features,โต๊ะเข้ามุม 90 องศา,/admin/p/mono-mt-1266-60
TB-WS-115,MT 1268 L,Wood + Steel Tables,features,โต๊ะเข้ามุม 90 องศา ด้านไม่เท่า,/admin/p/mono-mt-1268-l
TB-WS-116,MT 1286 R,Wood + Steel Tables,features,โต๊ะเข้ามุม 90 องศา ด้านไม่เท่า,/admin/p/mono-mt-1286-r
TB-WS-117,MT 1288-80,Wood + Steel Tables,features,โต๊ะเข้ามุม 90 องศา,/admin/p/mono-mt-1288-80
TB-WS-118,MT 1-40-60,Wood + Steel Tables,features,โต๊ะต่อข้างแบบขาเดี่ยว มีกล่องใส่กระดาษ A 4,/admin/p/mono-mt-1-40-60
TB-WS-119,MT 1-40-80,Wood + Steel Tables,features,โต๊ะต่อข้างแบบขาเดี่ยว มีกล่องใส่กระดาษ A 4,/admin/p/mono-mt-1-40-80
TB-WS-120,MT 1-42,Wood + Steel Tables,features,โต๊ะต่อข้างแบบ 2 ข้า มีกล่องใส่กระดาษ A 4,/admin/p/mono-mt-1-42
TB-WS-123,MT 150-80 + KB-02,Wood + Steel Tables,features,โต๊ะคอมพิวเตอร์ พร้อมรางเลื่อน Keyboard Tray,/admin/p/mono-mt-150-80-kb-02
TB-WS-128,MT-5266 L,Wood + Steel Tables,features,Desk L-shaped,/admin/p/mono-mt-5266-l
TB-WS-129,MT 5266 R,Wood + Steel Tables,features,Desk R-shaped,/admin/p/mono-mt-5266-r
TB-WS-130,MT 5268 L,Wood + Steel Tables,features,Desk L-shaped,/admin/p/mono-mt-5268-l
TB-WS-131,MT 5268 R,Wood + Steel Tables,features,Desk R-shaped,/admin/p/mono-mt-5268-r
TB-WS-132,MT 6266 L,Wood + Steel Tables,features,Desk L-shaped,/admin/p/mono-mt-6266-l
TB-WS-133,MT 6266 R,Wood + Steel Tables,features,Desk R-shaped,/admin/p/mono-mt-6266-r
TB-WS-134,MT 6268 L,Wood + Steel Tables,features,Desk L-shaped,/admin/p/mono-mt-6268-l
TB-WS-135,MT 6268 R,Wood + Steel Tables,features,Desk L-shaped,/admin/p/mono-mt-6268-r
TB-WS-138,MT 80 + KB-02,Wood + Steel Tables,features,โต๊ะคอมพิวเตอร์ พร้อมรางเลื่อน Keyboard Tray,/admin/p/mono-mt-80-kb-02
TB-WS-139,MT 80 -S,Wood + Steel Tables,features,Printer table,/admin/p/mono-mt-80-s
TB-WS-140,MT 8266 L,Wood + Steel Tables,features,Desk L-shaped,/admin/p/mono-mt-8266-l
TB-WS-141,MT 8268 L,Wood + Steel Tables,features,Desk L-shaped,/admin/p/mono-mt-8268-l
TB-WS-142,MT 8268 R,Wood + Steel Tables,features,Desk L-shaped,/admin/p/mono-mt-8268-r
TB-WS-143,MTCS 124,Wood + Steel Tables,features,Curved corner desk,/admin/p/mono-mtcs-124
TB-WS-144,MTCS 126,Wood + Steel Tables,features,Curved corner desk,/admin/p/mono-mtcs-126
TB-WS-145,MTCS 1284 L,Wood + Steel Tables,features,Curved corner desk,/admin/p/mono-mtcs-1284-l
TB-WS-146,MTCS 1284 R,Wood + Steel Tables,features,Curved corner desk,/admin/p/mono-mtcs-1284-r
TB-WS-147,MTCS 128 L,Wood + Steel Tables,features,Curved corner desk,/admin/p/mono-mtcs-128-l
TB-WS-148,MTCS 128 R,Wood + Steel Tables,features,Curved corner desk,/admin/p/mono-mtcs-128-r
TB-WS-149,MTCS 164,Wood + Steel Tables,features,Curved corner desk,/admin/p/mono-mtcs-164
TB-WS-150,MTCS 168,Wood + Steel Tables,features,Curved corner desk,/admin/p/mono-mtcs-168
TB-WS-151,MTCS 60,Wood + Steel Tables,features,Curved corner desk,/admin/p/mono-mtcs-60
TB-WS-152,MTCS 68,Wood + Steel Tables,features,Curved corner desk,/admin/p/mono-mtcs-68
TB-WS-153,MTCS 80,Wood + Steel Tables,features,Curved corner desk,/admin/p/mono-mtcs-80
TB-WS-154,MTCS 86,Wood + Steel Tables,features,Curved corner desk,/admin/p/mono-mtcs-86
TB-WS-155,MTCS 88,Wood + Steel Tables,features,Curved corner desk,/admin/p/mono-mtcs-88
TB-WS-156,MT-LD1812-66R,Wood + Steel Tables,features,Desk R-shaped,/admin/p/mono-mt-ld1812-66r
TB-WS-157,N-90180,Wood + Steel Tables,colours,Desk,/admin/p/nat-n-90180
TB-WS-158,NEW WAVE,Wood + Steel Tables,colours,Folding Desk Cabinet,/admin/p/mono-new-wave
TB-WS-159,NTF - 60180 โต๊ะเอนกประสงค์,Wood + Steel Tables,features,NTF - 60180 multipurpose table,/admin/p/nat-ntf-60180-to-enkpratng
TB-WS-160,ONE MAN SHOW HEIGHT ADJUSTABLE PODIUM,Wood + Steel Tables,colours features,Height Adjustable Tables,/admin/p/practika-one-man-show-height-adjustable-podium
TB-WS-162,OSSD 1500-60,Wood + Steel Tables,features,โต๊ะทำงานโล่ง หน้าท็อปตรง,/admin/p/perfect-ossd-1500-60
TB-WS-163,PENGUIN TEACHER PODIUM,Wood + Steel Tables,dimensions colours features,Classroom Desks & Teacher Podiums,/admin/p/practika-penguin-teacher-podium
TB-WS-164,PEZ TEACHER TABLE,Wood + Steel Tables,features,Classroom Desks & Teacher Podiums,/admin/p/practika-pez-teacher-table
TB-WS-165,"PNP-160/R , PNP-160/L",Wood + Steel Tables,features,Desk open 1,/admin/p/mono-pnp-160-r-pnp-160-l
TB-WS-167,POEM TEACHER PODIUM,Wood + Steel Tables,dimensions features,Classroom Desks & Teacher Podiums,/admin/p/practika-poem-teacher-podium
TB-WS-168,PRACTICAL ELECTRIC HEIGHT ADJUSTABLE TABLE,Wood + Steel Tables,colours features,Height Adjustable Tables,/admin/p/practika-practical-electric-height-adjustable-table
TB-WS-173,RAISE ME UP ELECTRIC HEIGHT ADJUSTABLE TABLE,Wood + Steel Tables,colours features,Height Adjustable Tables,/admin/p/practika-raise-me-up-electric-height-adjustable-table
TB-WS-174,REED LITE TRAINING TABLE,Wood + Steel Tables,colours features,Training & Folding Tables,/admin/p/practika-reed-lite-training-table
TB-WS-175,REED PP TRAINING TABLE,Wood + Steel Tables,colours features,Training & Folding Tables,/admin/p/practika-reed-pp-training-table
TB-WS-176,REED TRAINING TABLE,Wood + Steel Tables,colours features,Training & Folding Tables,/admin/p/practika-reed-training-table
TB-WS-177,SB-6,Wood + Steel Tables,features,SB 6 desk pedestal,/admin/p/nat-sb-6
TB-WS-178,SCHMIDT WORKSTATION,Wood + Steel Tables,colours features,Workstations & Hot Desks,/admin/p/practika-schmidt-workstation
TB-WS-179,SPEECH BUBBLE,Wood + Steel Tables,features,Classroom Desks & Teacher Podiums,/admin/p/practika-speech-bubble
TB-WS-180,SPIRIT MANAGER AND EXECUTIVE SET,Wood + Steel Tables,colours features,Executive Table,/admin/p/practika-spirit-manager-and-executive-set
TB-WS-181,SPIRIT WORKSTATION,Wood + Steel Tables,colours features,Workstations & Hot Desks,/admin/p/practika-spirit-workstation
TB-WS-182,STACKY,Wood + Steel Tables,features,Classroom Desks & Teacher Podiums,/admin/p/practika-stacky
TB-WS-183,STEALTH EXECUTIVE DESK,Wood + Steel Tables,features,Executive Table,/admin/p/practika-stealth-executive-desk
TB-WS-184,T-1,Wood + Steel Tables,colours features,โต๊ะทำงานผู้บริหาร,/admin/p/nat-t-1-2
TB-WS-185,T-1,Wood + Steel Tables,features,โต๊ะสโมสรนักศึกษาชมรมนักศึกษา,/admin/p/nat-t-1-4
TB-WS-187,T-16,Wood + Steel Tables,dimensions colours,โต๊ะพับเอนกประสงค์,/admin/p/nat-t-16
TB-WS-188,T-2,Wood + Steel Tables,features,Table LIBRARY,/admin/p/nat-t-2-3
TB-WS-189,T2,Wood + Steel Tables,features,Executive desk,/admin/p/nat-t2-2
TB-WS-190,T2,Wood + Steel Tables,colours,Desk L-shaped,/admin/p/nat-t2-5
TB-WS-191,T-3,Wood + Steel Tables,colours,Multipurpose table,/admin/p/nat-t-3-4
TB-WS-194,T6,Wood + Steel Tables,colours,โต๊ะทำงานขาเหล็ก,/admin/p/nat-t6-3
TB-WS-195,T-7,Wood + Steel Tables,features,"Table CONSULT,LIBRARY,OFFICE",/admin/p/nat-t-7
TB-WS-197,T8,Wood + Steel Tables,features,โต๊ะบรรยาย-โต๊ะห้องควบคุม,/admin/p/nat-t8-5
TB-WS-206,TOH JEEN,Wood + Steel Tables,features,Classroom Desks & Teacher Podiums,/admin/p/practika-toh-jeen
TB-WS-207,TRANSFORMER,Wood + Steel Tables,features,Classroom Desks & Teacher Podiums,/admin/p/practika-transformer
TB-WS-230,"TWY 120-60/L,/R",Wood + Steel Tables,colours,ชุดโต๊ะทำงานพร้อมโต๊ะต่อข้าง มีตู้ลิ้นชัก 2 ชั้น และแผงกั้นส่วนด้านข้าง,/admin/p/mono-twy-120-60-l-r
TB-WS-231,"TWY 140-160/L , /R และ TWY 160-180/L , /R",Wood + Steel Tables,colours,ชุดโต๊ะทำงานพร้อมโต๊ะต่อข้าง มีตู้ลิ้นชัก 2 ชั้น และ แผงกั้นส่วนด้านข้าง,/admin/p/mono-twy-140-160-l-r-lae-twy-160-180-l-r
TB-WS-232,TWY 240-60 และ TWY 320-80,Wood + Steel Tables,colours,ชุดโต๊ะทำงาน มีตู้ลิ้นชัก 2 ชั้น และ แผงกั้นส่วนด้านข้าง,/admin/p/mono-twy-240-60-lae-twy-320-80
TB-WS-233,TWY 280-160 /RE และ TWY 320-180 /RE,Wood + Steel Tables,colours,ชุดโต๊ะทำงานพร้อมโต๊ะต่อข้าง มีตู้ลิ้นชัก 2 ชั้น และ แผงกั้นส่วนด้านข้าง,/admin/p/mono-twy-280-160-re-lae-twy-320-180-re
TB-WS-234,TWY 280-160 และ TWY 320-180,Wood + Steel Tables,colours,ชุดโต๊ะทำงานพร้อมโต๊ะต่อข้าง มีตู้ลิ้นชัก 2 ชั้น และ แผงกั้นส่วนด้านข้าง,/admin/p/mono-twy-280-160-lae-twy-320-180
TB-WS-235,UTOPIA EXECUTIVE DESK (2212),Wood + Steel Tables,features,Executive Table,/admin/p/practika-utopia-executive-desk-2212
TB-WS-236,UTOPIA EXECUTIVE DESK (2316),Wood + Steel Tables,colours features,Executive Table,/admin/p/practika-utopia-executive-desk-2316
TB-WS-237,UTOPIA EXECUTIVE DESK (2422),Wood + Steel Tables,features,Executive Table,/admin/p/practika-utopia-executive-desk-2422
TB-WS-238,WALTON PNEUMATIC HEIGHT ADJUSTABLE TABLE,Wood + Steel Tables,features,Height Adjustable Tables,/admin/p/practika-walton-pneumatic-height-adjustable-table
TB-WS-240,WSM 1703-80,Wood + Steel Tables,colours,Desk with drawer pedestal 3-tier,/admin/p/mono-wsm-1703-80
